station_name,station_telecode,province,city
TJP,天津,天津市,天津市
TXP,天津西,天津市,天津市
TBP,天津北,天津市,天津市
YQP,杨柳青,天津市,天津市
TIP,天津南,天津市,天津市
JMP,军粮城北,天津市,天津市
TGP,塘沽,天津市,天津市
FHP,滨海西,天津市,天津市
YKP,滨海,天津市,天津市
SHH,上海,上海市,上海市
SNH,上海南,上海市,上海市
AOH,上海虹桥,上海市,上海市
SXH,上海西,上海市,上海市
GZQ,广州,广东省,广州市
GGQ,广州东,广东省,广州市
IZQ,广州南,广东省,广州市
GBQ,广州北,广东省,广州市
CQW,重庆,重庆市,重庆市
CUW,重庆北,重庆市,重庆市
CRW,重庆南,重庆市,重庆市
CYW,沙坪坝,重庆市,重庆市
CXW,重庆西,重庆市,重庆市
BXP,北京西,北京市,北京市
BOP,北京东,北京市,北京市
VNP,北京南,北京市,北京市
BJP,北京,北京市,北京市
VBP,昌平北,北京市,北京市
ODP,三家店,北京市,北京市
QWQ,祁阳,湖南省,永州市
WUP,吴桥,河北省,沧州市
YAD,杨树岭,河北省,承德市
JGX,加格达奇,黑龙江省,大兴安岭地区
JYJ,靖远,甘肃省,白银市
CNJ,长农,宁夏回族自治区,中卫市
ZYJ,张掖,甘肃省,张掖市
ZEJ,张掖西,甘肃省,张掖市
LVK,临沂,山东省,临沂市
UYK,临沂东,山东省,临沂市
UMK,临沂北,山东省,临沂市
WVP,王安镇,河北省,保定市
KNW,从江,贵州省,黔东南苗族侗族自治州
BRT,北井子,辽宁省,丹东市
QIH,祁门,安徽省,黄山市
YPV,原平,山西省,忻州市
IPV,原平西,山西省,忻州市
JZD,锦州,辽宁省,锦州市
JOD,锦州南,辽宁省,锦州市
QXP,青县,河北省,沧州市
YBP,杨村,天津市,天津市
FTT,范家屯,吉林省,四平市
DHT,德惠,吉林省,长春市
DXT,德惠西,吉林省,长春市
WHX,乌尔旗汗,内蒙古自治区,呼伦贝尔市
JBN,荆州,湖北省,荆州市
JYK,巨野,山东省,菏泽市
HQM,鹤庆,云南省,大理白族自治州
JQX,江桥,黑龙江省,齐齐哈尔市
TRC,土牧尔台,内蒙古自治区,乌兰察布市
QYJ,七营,宁夏回族自治区,固原市
XTJ,许家台,甘肃省,兰州市
BZH,亳州,安徽省,亳州市
FDY,富县东,陕西省,延安市
NES,宁德,福建省,宁德市
NXF,内乡,河南省,南阳市
HAT,寒岭,辽宁省,辽阳市
SYT,沈阳,辽宁省,沈阳市
SBT,沈阳北,辽宁省,沈阳市
OXT,裕国,辽宁省,沈阳市
SOT,沈阳南,辽宁省,沈阳市
SXA,邵阳西,湖南省,邵阳市
ZZQ,株洲,湖南省,株洲市
ZAQ,株洲西,湖南省,株洲市
KVQ,株洲南,湖南省,株洲市
ZZC,卓资山,内蒙古自治区,乌兰察布市
ZDC,卓资东,内蒙古自治区,乌兰察布市
ZAF,郑州东,河南省,郑州市
ZZF,郑州,河南省,郑州市
NYF,南阳寨,河南省,郑州市
XPF,郑州西,河南省,郑州市
ZEK,枣庄,山东省,枣庄市
ZFK,枣庄西,山东省,枣庄市
ZNK,枣庄东,山东省,枣庄市
ZAP,涿州东,河北省,保定市
ZXP,涿州,河北省,保定市
WZW,资中北,四川省,内江市
ZNE,遵义南,贵州省,遵义市
ZYE,遵义,贵州省,遵义市
FYW,资阳北,四川省,资阳市
ZXJ,漳县,甘肃省,定西市
ZXE,镇雄,云南省,昭通市
ZTJ,中卫南,宁夏回族自治区,中卫市
ZWJ,中卫,宁夏回族自治区,中卫市
ZTA,中堂,广东省,东莞市
ZSE,朱砂古镇,贵州省,铜仁市
ZAZ,钟山西,广西壮族自治区,贺州市
KWQ,昭山,湖南省,湘潭市
NGH,宁波,浙江省,宁波市
ZQH,庄桥,浙江省,宁波市
FCQ,肇庆东,广东省,肇庆市
ZVQ,肇庆,广东省,肇庆市
WWQ,大旺,广东省,肇庆市
AHQ,四会,广东省,肇庆市
UWQ,鼎湖东,广东省,肇庆市
NVQ,鼎湖山,广东省,肇庆市
WZQ,端州,广东省,肇庆市
ZVK,章丘北,山东省,济南市
ZXG,漳平西,福建省,龙岩市
ZCS,漳浦,福建省,漳州市
ZLK,邹平,山东省,滨州市
ZDN,驻马店,河南省,驻马店市
ZLN,驻马店西,河南省,驻马店市
DAQ,常平,广东省,东莞市
DMQ,东莞东,广东省,东莞市
RTQ,东莞,广东省,东莞市
FQQ,常平东,广东省,东莞市
ZRQ,樟木头东,广东省,东莞市
KPQ,银瓶,广东省,东莞市
FPQ,常平南,广东省,东莞市
ZSN,左岭,湖北省,武汉市
ZOM,珠琳,云南省,文山壮族苗族自治州
IEW,巴中,四川省,巴中市
ZKN,周口,河南省,周口市
ZKF,周口东,河南省,周口市
HCQ,惠州,广东省,惠州市
KDQ,惠东,广东省,惠州市
KNQ,惠州南,广东省,惠州市
KBQ,沥林北,广东省,惠州市
KKQ,仲恺,广东省,惠州市
KHQ,惠环,广东省,惠州市
KFQ,龙丰,广东省,惠州市
WDQ,西湖东,广东省,惠州市
KZQ,云山,广东省,惠州市
NKQ,小金口,广东省,惠州市
DIQ,张家界,湖南省,张家界市
JXA,张家界西,湖南省,张家界市
ZMP,张家口,河北省,张家口市
IXP,张家口南,河北省,张家口市
IZW,织金,贵州省,毕节市
ZPQ,芷江,湖南省,怀化市
ZIJ,张家川,甘肃省,天水市
GYW,广元,四川省,广元市
ZUT,庄河北,辽宁省,大连市
ZEC,准格尔,内蒙古自治区,鄂尔多斯市
ZMN,纸坊东,湖北省,武汉市
ZER,准东,新疆维吾尔自治区,昌吉回族自治州
ZHP,正定机场,河北省,石家庄市
ZBK,淄博,山东省,淄博市
ZRK,淄博北,山东省,淄博市
ZDS,诏安,福建省,漳州市
LZJ,兰州,甘肃省,兰州市
LVJ,兰州东,甘肃省,兰州市
LAJ,兰州西,甘肃省,兰州市
FLJ,福利区,甘肃省,兰州市
XIJ,西固,甘肃省,兰州市
LQJ,兰州新区,甘肃省,兰州市
GEJ,皋兰,甘肃省,兰州市
YDJ,永登,甘肃省,兰州市
HKJ,河口南,甘肃省,兰州市
XGJ,夏官营,甘肃省,兰州市
IZJ,榆中,甘肃省,兰州市
YZF,禹州,河南省,许昌市
YYH,余姚,浙江省,宁波市
CTH,余姚北,浙江省,宁波市
YSD,义县西,辽宁省,锦州市
YXD,义县,辽宁省,锦州市
YXY,洋县西,陕西省,汉中市
YXG,攸县南,湖南省,株洲市
YVK,阳信,山东省,滨州市
YZV,应县,山西省,朔州市
AXM,玉溪,云南省,玉溪市
YUH,宜兴,江苏省,无锡市
YBS,云霄,福建省,漳州市
YXS,尤溪,福建省,三明市
YAK,烟台,山东省,烟台市
YLK,烟台南,山东省,烟台市
YTL,伊通,吉林省,四平市
YKG,鹰潭北,江西省,鹰潭市
YTG,鹰潭,江西省,鹰潭市
CTQ,银滩,海南省,儋州市
BFQ,白马井,海南省,儋州市
YTS,永泰,福建省,福州市
YMS,雁石南,福建省,龙岩市
YNG,玉山,江西省,上饶市
YGG,玉山南,江西省,上饶市
ASY,永寿,陕西省,咸阳市
YCZ,阳朔,广西壮族自治区,桂林市
YVH,颍上,安徽省,阜阳市
YBU,颍上北,安徽省,阜阳市
YQV,阳曲,山西省,太原市
IQV,阳曲西,山西省,太原市
YQA,杨桥,湖南省,邵阳市
FGP,雁栖湖,北京市,北京市
YWS,延平西,福建省,南平市
ADS,延平东,福建省,南平市
YPS,延平,福建省,南平市
ANM,云南驿,云南省,大理白族自治州
YKQ,郁南,广东省,云浮市
AMM,元谋西,云南省,楚雄彝族自治州
YMX,伊敏,内蒙古自治区,鄂温克族自治旗
YRN,云梦东,湖北省,孝感市
YMN,云梦,湖北省,孝感市
YPB,一面坡,黑龙江省,哈尔滨市
YXB,一面坡北,黑龙江省,哈尔滨市
YME,羊马,四川省,成都市
YEY,杨陵南,陕西省,咸阳市
YSY,杨陵,陕西省,咸阳市
YAG,炎陵,湖南省,株洲市
YIF,鄢陵,河南省,许昌市
YEB,依兰,黑龙江省,哈尔滨市
RFH,永康,浙江省,金华市
QUH,永康南,浙江省,金华市
YJL,延吉,吉林省,延边朝鲜族自治州
YXL,延吉西,吉林省,延边朝鲜族自治州
RVH,弋江,安徽省,芜湖市
WHH,芜湖,安徽省,芜湖市
AJV,永济北,山西省,运城市
YIV,永济,山西省,运城市
GTH,洋河,江苏省,宿迁市
SQU,宿迁,江苏省,宿迁市
AGV,阳高南,山西省,大同市
YOV,阳高,山西省,大同市
VTM,雨格,贵州省,六盘水市
YBZ,永福南,广西壮族自治区,桂林市
IXQ,云浮东,广东省,云浮市
AOJ,姚渡,四川省,广元市
SJQ,三水,广东省,佛山市
RNQ,三水南,广东省,佛山市
ARQ,三水北,广东省,佛山市
NAQ,云东海,广东省,佛山市
AWW,岳池,四川省,广安市
YEG,宜春,江西省,宜春市
WMW,永川东,重庆市,重庆市
YCW,永川,重庆市,重庆市
YSK,禹城东,山东省,德州市
YCK,禹城,山东省,德州市
ABV,运城北,山西省,运城市
YNV,运城,山西省,运城市
AFH,盐城,江苏省,盐城市
RGH,永城北,河南省,商丘市
YBW,宜宾,四川省,宜宾市
ANW,宜宾南,四川省,宜宾市
YXE,宜宾西,四川省,宜宾市
YBB,亚布力,黑龙江省,哈尔滨市
YWB,亚布力南,黑龙江省,哈尔滨市
YSB,亚布力西,黑龙江省,哈尔滨市
YQS,永安南,福建省,三明市
YFW,迎宾路,四川省,都江堰市
YAE,雅安,四川省,雅安市
XXV,忻州,山西省,忻州市
IXV,忻州西,山西省,忻州市
FNQ,香樟路,湖南省,长沙市
EZF,新郑机场,河南省,郑州市
XQM,祥云,云南省,大理白族自治州
PTS,莆田,福建省,莆田市
HJS,涵江,福建省,莆田市
XWS,仙游,福建省,莆田市
XYA,秀英,海南省,海口市
XOY,咸阳秦都,陕西省,咸阳市
XYY,咸阳,陕西省,咸阳市
XWN,襄州,湖北省,襄阳市
EKN,襄阳东,湖北省,襄阳市
XFN,襄阳,湖北省,襄阳市
XUN,信阳,河南省,信阳市
OYN,信阳东,河南省,信阳市
XQF,西阳村,山西省,晋城市
XUG,新余,江西省,新余市
XBG,新余北,江西省,新余市
XXT,岫岩,辽宁省,鞍山市
QSH,萧县北,安徽省,宿州市
EOH,萧县,安徽省,宿州市
XXF,新乡,河南省,新乡市
EGF,新乡东,河南省,新乡市
RHB,新香坊北,黑龙江省,哈尔滨市
XWE,修文县,贵州省,贵阳市
EXF,修武西,河南省,焦作市
XWD,西乌旗,内蒙古自治区,锡林郭勒盟
XNE,兴文,四川省,宜宾市
NUQ,新塘南,广东省,广州市
XTP,邢台,河北省,邢台市
EDP,邢台东,河北省,邢台市
EDQ,湘潭北,湖南省,湘潭市
XTQ,湘潭,湖南省,湘潭市
XSU,响水县,江苏省,盐城市
EGQ,西平西,广东省,东莞市
EMQ,溆浦南,湖南省,怀化市
EPQ,溆浦,湖南省,怀化市
XNN,咸宁,湖北省,咸宁市
XRN,咸宁北,湖北省,咸宁市
XKN,咸宁东,湖北省,咸宁市
UNN,咸宁南,湖北省,咸宁市
XMS,厦门,福建省,厦门市
XKS,厦门北,福建省,厦门市
EMS,厦 门,福建省,厦门市
XOT,新民北,辽宁省,沈阳市
XLE,西来,四川省,成都市
ITW,新津南,四川省,成都市
IJP,辛集南,河北省,石家庄市
ENP,辛集,河北省,石家庄市
IRW,新津,四川省,成都市
EHF,西华,河南省,周口市
EWQ,新晃西,湖南省,怀化市
XLQ,新晃,湖南省,怀化市
EJQ,新化南,湖南省,娄底市
EHQ,新化,湖南省,娄底市
XYP,下花园,河北省,张家口市
OKP,下花园北,河北省,张家口市
VJP,宣化北,河北省,张家口市
XHP,宣化,河北省,张家口市
EBC,兴和北,内蒙古自治区,乌兰察布市
XZK,夏格庄,山东省,青岛市
XIG,兴国西,江西省,赣州市
EUG,兴国,江西省,赣州市
XGN,孝感,湖北省,孝感市
XJN,孝感北,湖北省,孝感市
GDN,孝感东,湖北省,孝感市
XGG,新干东,江西省,吉安市
EGG,新干,江西省,吉安市
XTV,襄汾西,山西省,临汾市
XFV,襄汾,山西省,临汾市
FVQ,湘府路,湖南省,长沙市
NQQ,先锋,内蒙古自治区,巴彦淖尔市
XFT,西丰,辽宁省,铁岭市
XFA,咸丰,湖北省,恩施土家族苗族自治州
XDA,西渡,湖南省,衡阳市
EWW,新都东,四川省,成都市
ERN,项城,河南省,周口市
XVF,许昌东,河南省,许昌市
XCF,许昌,河南省,许昌市
EBF,许昌北,河南省,许昌市
XDZ,兴安北,广西壮族自治区,桂林市
WBZ,梧州南,广西壮族自治区,梧州市
WZZ,梧州,广西壮族自治区,梧州市
WIF,武陟,河南省,焦作市
WVJ,吴忠,宁夏回族自治区,吴忠市
WYW,万州,重庆市,重庆市
WZE,万州北,重庆市,重庆市
WEJ,渭源,甘肃省,定西市
WYG,婺源,江西省,上饶市
WAS,武夷山,福建省,南平市
WBS,武夷山北,福建省,南平市
NOS,南平市,福建省,南平市
JYS,建阳,福建省,南平市
RYH,武义,浙江省,金华市
WDH,武义北,浙江省,金华市
WOV,闻喜西,山西省,运城市
WXV,闻喜,山西省,运城市
WXE,威信,云南省,昭通市
WAH,瓦屋山,江苏省,常州市
WWU,无为南,安徽省,芜湖市
IIH,无为,安徽省,芜湖市
WTZ,五通,广西壮族自治区,桂林市
WSR,乌苏,新疆维吾尔自治区,伊犁哈萨克自治州
WSE,武胜,四川省,广安市
WNY,渭南,陕西省,渭南市
WBY,渭南北,陕西省,渭南市
WXY,渭南西,陕西省,渭南市
WET,五女山,辽宁省,本溪市
WNA,望牛墩,广东省,东莞市
WFN,乌龙泉南,湖北省,武汉市
DUT,丹东,辽宁省,丹东市
WBT,五龙背,辽宁省,丹东市
WMT,五龙背东,辽宁省,丹东市
JAC,集宁南,内蒙古自治区,乌兰察布市
WPC,乌兰察布,内蒙古自治区,乌兰察布市
WJR,魏家泉,新疆维吾尔自治区,昌吉回族自治州
WJE,温江,四川省,成都市
WHB,苇河,黑龙江省,哈尔滨市
WIB,苇河西,黑龙江省,哈尔滨市
WKK,威海,山东省,威海市
WHK,威海北,山东省,威海市
WFG,五府山,江西省,上饶市
WFK,潍坊,山东省,潍坊市
WJK,潍坊北,山东省,潍坊市
WRN,武当山,湖北省,十堰市
WWN,武当山西,湖北省,十堰市
WGK,文登东,山东省,威海市
WBK,文登,山东省,威海市
WAQ,吴川,广东省,湛江市
WAG,万安县,江西省,吉安市
TOP,通州,北京市,北京市
TZW,桐梓,贵州省,遵义市
TDE,桐梓东,贵州省,遵义市
IZP,太子城,河北省,张家口市
TBE,桐梓北,贵州省,遵义市
TYT,通远堡,辽宁省,凤城市
TST,通远堡西,辽宁省,凤城市
FHT,凤凰城,辽宁省,凤城市
FDT,凤城东,辽宁省,凤城市
TYA,桃源,湖南省,常德市
TYV,太原,山西省,太原市
TDV,太原东,山西省,太原市
TNV,太原南,山西省,太原市
FEV,汾河,山西省,太原市
TAZ,藤县,广西壮族自治区,梧州市
THN,汤逊湖,湖北省,武汉市
TWJ,通渭,甘肃省,定西市
KQQ,田心东,湖南省,株洲市
TSJ,天水,甘肃省,天水市
XZJ,新阳镇,甘肃省,天水市
WNJ,渭南镇,甘肃省,天水市
TIJ,天水南,甘肃省,天水市
TNW,铜仁南,贵州省,铜仁市
YZW,玉屏,贵州省,铜仁市
TNS,泰宁,福建省,三明市
TLU,桐庐,浙江省,杭州市
TJH,铜陵,安徽省,铜陵市
KXH,铜陵北,安徽省,铜陵市
TFR,吐鲁番,新疆维吾尔自治区,吐鲁番市
TAR,吐鲁番北,新疆维吾尔自治区,吐鲁番市
TVC,托克托东,内蒙古自治区,呼和浩特市
TJB,同江,黑龙江省,佳木斯市
TXL,通化县,吉林省,通化市
TSP,唐山,河北省,唐山市
FUP,唐山北,河北省,唐山市
TKP,唐山南,河北省,唐山市
GYP,古冶,河北省,唐山市
TLP,南堡北,河北省,唐山市
IEP,唐海南,河北省,唐山市
POP,曹妃甸东,河北省,唐山市
PGP,曹妃甸港,河北省,唐山市
TEN,天河街,湖北省,武汉市
TDU,太和东,安徽省,阜阳市
TJN,天河机场,湖北省,武汉市
JYN,太和北,安徽省,阜阳市
TAM,通海,云南省,玉溪市
SSR,鄯善,新疆维吾尔自治区,吐鲁番市
SMR,鄯善北,新疆维吾尔自治区,吐鲁番市
THR,吐哈,新疆维吾尔自治区,吐鲁番市
TIV,太谷西,山西省,晋中市
TGV,太谷,山西省,晋中市
TTN,土地堂东,湖北省,武汉市
TBZ,田东北,广西壮族自治区,百色市
PST,铁刹山,辽宁省,本溪市
TZR,塔城,新疆维吾尔自治区,塔城地区
TJR,铁厂沟,新疆维吾尔自治区,塔城地区
TOK,桃村北,山东省,烟台市
TCK,桃村,山东省,烟台市
OSW,石柱县,重庆市,重庆市
QQJ,石嘴山,宁夏回族自治区,石嘴山市
DFJ,大武口,宁夏回族自治区,石嘴山市
IFQ,深圳坪山,广东省,深圳市
ONN,随州南,湖北省,随州市
SZN,随州,湖北省,随州市
OVN,随县,湖北省,随州市
SZB,尚志,黑龙江省,哈尔滨市
OZB,尚志南,黑龙江省,哈尔滨市
SZA,桑植,湖南省,张家界市
SRQ,神州,海南省,万宁市
SCA,深圳机场,广东省,深圳市
OSQ,深圳西,广东省,深圳市
SZQ,深圳,广东省,深圳市
IOQ,深圳北,广东省,深圳市
BJQ,深圳东,广东省,深圳市
NZQ,福田,广东省,深圳市
SBA,深圳机场北,广东省,深圳市
SNV,山阴,山西省,朔州市
RYV,岱岳,山西省,朔州市
OUN,十堰东,湖北省,十堰市
SNN,十堰,湖北省,十堰市
OVQ,邵阳北,湖南省,邵阳市
SYQ,邵阳,湖南省,邵阳市
OYT,双阳,吉林省,长春市
SAU,射阳,江苏省,盐城市
SYU,三阳,安徽省,黄山市
SQS,双洋,福建省,龙岩市
MPH,泗阳,江苏省,宿迁市
IPQ,始兴,广东省,韶关市
GPH,泗县,安徽省,宿州市
SOU,寿县,安徽省,淮南市
BDH,上虞,浙江省,绍兴市
SSH,绍兴东,浙江省,绍兴市
SOH,绍兴,浙江省,绍兴市
SLH,绍兴北,浙江省,绍兴市
NPH,歙县北,安徽省,黄山市
OVH,歙县,安徽省,黄山市
LLQ,陆丰,广东省,汕尾市
OGQ,汕尾,广东省,汕尾市
KMQ,门,广东省,深圳市
RXW,达州,四川省,达州市
STE,石梯,四川省,达州市
QHW,三穗,贵州省,黔东南苗族侗族自治州
INQ,韶山南,湖南省,湘潭市
ONK,泗水南,山东省,济宁市
OSK,泗水,山东省,济宁市
KSQ,狮山,广东省,佛山市
NSQ,狮山北,广东省,佛山市
FOQ,佛山西,广东省,佛山市
FSQ,佛山,广东省,佛山市
KUQ,松山湖北,广东省,东莞市
SQN,沈丘,河南省,周口市
SQF,商丘,河南省,商丘市
SPF,商丘南,河南省,商丘市
SIF,商丘东,河南省,商丘市
SKF,沈丘北,河南省,周口市
SBN,山坡东,湖北省,武汉市
ONC,苏尼特左旗,内蒙古自治区,锡林郭勒盟
SNU,睢宁,江苏省,徐州市
HMY,神木,陕西省,榆林市
FMQ,树木岭,湖南省,长沙市
SVM,嵩明,云南省,昆明市
SHS,三明北,福建省,三明市
SVS,三明,福建省,三明市
OLB,胜利镇,黑龙江省,哈尔滨市
IQW,双流西,四川省,成都市
LNM,石林南,云南省,昆明市
SLM,石林,云南省,昆明市
SYM,石林西,云南省,昆明市
OHB,双龙湖,黑龙江省,哈尔滨市
IPW,双流机场,四川省,成都市
SIR,四棵树,新疆维吾尔自治区,塔城地区
SJA,沙井西,广东省,深圳市
SOZ,三江县,广西壮族自治区,柳州市
SWZ,三江南,广西壮族自治区,柳州市
SJP,石家庄,河北省,石家庄市
VVP,石家庄北,河北省,石家庄市
GIP,高邑,河北省,石家庄市
SXP,石家庄东,河北省,石家庄市
GEP,藁城,河北省,石家庄市
GUP,藁城南,河北省,石家庄市
SOA,畲江北,广东省,梅州市
OHR,双河市,新疆维吾尔自治区,博尔塔拉蒙古自治州
SOK,商河,山东省,济南市
NFQ,双峰北,湖南省,娄底市
FOP,霸州西,河北省,廊坊市
SUP,胜芳,河北省,廊坊市
RMP,霸州,河北省,廊坊市
KKW,三都县,贵州省,黔南布依族苗族自治州
FIQ,邵东,湖南省,邵阳市
SFF,宋城路,河南省,开封市
KFF,开封,河南省,开封市
KBF,开封北,河南省,开封市
KZK,日照西,山东省,日照市
RZK,日照,山东省,日照市
RVQ,饶平,广东省,潮州市
CBQ,潮汕,广东省,潮州市
RKO,日喀则,西藏自治区,日喀则市
RVW,榕江,贵州省,黔东南苗族侗族自治州
FWH,薏,江苏省,南通市
RIH,如东,江苏省,南通市
RCG,瑞昌,江西省,九江市
RXG,瑞昌西,江西省,九江市
RCK,荣成,山东省,威海市
RQW,荣昌北,重庆市,重庆市
RCW,荣昌,重庆市,重庆市
RUO,仁布,西藏自治区,日喀则市
QUE,清镇西,贵州省,贵阳市
QZQ,棋子湾,海南省,昌江黎族自治县
QNZ,全州南,广西壮族自治区,桂林市
QEP,乔庄东,北京市,北京市
QZK,青州市,山东省,潍坊市
QOK,青州市北,山东省,潍坊市
QNC,旗下营南,内蒙古自治区,乌兰察布市
QBY,乾县,陕西省,咸阳市
QXE,黔西,贵州省,毕节市
QGV,祁县东,山西省,晋中市
QXV,祁县,山西省,晋中市
JWE,犍为,四川省,乐山市
QSO,曲水县,西藏自治区,拉萨市
QIJ,清水县,甘肃省,天水市
QSQ,庆盛,广东省,广州市
QAY,岐山,陕西省,宝鸡市
CJY,蔡家坡,陕西省,宝鸡市
QVW,青神,四川省,眉山市
QUJ,清水,甘肃省,酒泉市
QEJ,清水北,甘肃省,酒泉市
QNB,齐齐哈尔南,黑龙江省,齐齐哈尔市
QHX,齐齐哈尔,黑龙江省,齐齐哈尔市
QEW,青莲,四川省,绵阳市
QLE,邛崃,四川省,成都市
QIM,曲江,云南省,红河哈尼族彝族自治州
QDE,綦江东,重庆市,重庆市
QJM,曲靖,云南省,曲靖市
QBM,曲靖北,云南省,曲靖市
QIK,齐河,山东省,德州市
QBD,清河门北,辽宁省,阜新市
QFB,前锋,黑龙江省,佳木斯市
QUK,青岛西,山东省,青岛市
QET,青堆,辽宁省,大连市
QOU,启东,江苏省,南通市
QMQ,祁东,湖南省,衡阳市
QDU,千岛湖,浙江省,杭州市
QHK,青岛北,山东省,青岛市
QDK,青岛,山东省,青岛市
QCE,青川,四川省,广元市
QFW,青白江东,四川省,成都市
QGJ,秦安,甘肃省,天水市
PKW,彭州南,四川省,成都市
PRW,攀枝花,四川省,攀枝花市
PMW,彭州,四川省,成都市
PAE,盘州,贵州省,六盘水市
PZM,普者黑,云南省,文山壮族苗族自治州
PUK,平原东,山东省,德州市
PYK,平原,山东省,德州市
CDP,承德,河北省,承德市
CCP,承德东,河北省,承德市
SBP,上板城,河北省,承德市
OBP,上板城南,河北省,承德市
IVP,承德南,河北省,承德市
PBP,平泉北,河北省,承德市
PQP,平泉,河北省,承德市
PAZ,平南南,广西壮族自治区,贵港市
PEQ,普宁,广东省,揭阳市
POK,蓬莱市,山东省,蓬莱市
PDV,平遥古城,山西省,晋中市
PYV,平遥,山西省,晋中市
PYF,濮阳,河南省,濮阳市
PUT,皮口,辽宁省,大连市
PYG,鄱阳,江西省,上饶市
PJE,蒲江,四川省,成都市
PEN,平顶山,河南省,平顶山市
BFF,宝丰,河南省,平顶山市
PDF,平顶山西,河南省,平顶山市
PAK,平度,山东省,青岛市
PGW,普定,贵州省,安顺市
PCE,平昌,四川省,巴中市
PBE,平坝南,贵州省,安顺市
PBM,屏边,云南省,红河哈尼族彝族自治州
PUE,普安县,贵州省,六盘水市
PAN,普安,贵州省,黔西南布依族苗族自治州
NYE,纳雍,贵州省,毕节市
NFF,南阳,河南省,南阳市
NOF,南阳东,河南省,南阳市
NCQ,南雄,广东省,韶关市
NIE,泥溪,四川省,宜宾市
NOY,宁强南,陕西省,汉中市
YAY,阳平关,陕西省,汉中市
YZY,燕子砭,陕西省,汉中市
NNZ,南宁,广西壮族自治区,南宁市
NFZ,南宁东,广西壮族自治区,南宁市
NXZ,南宁西,广西壮族自治区,南宁市
NMO,尼木,西藏自治区,拉萨市
LLH,南陵,安徽省,芜湖市
NGT,奈林皋,辽宁省,朝阳市
NDQ,南江口,广东省,云浮市
FIW,南江,贵州省,贵阳市
NJW,内江,四川省,内江市
NKW,内江北,四川省,内江市
NAM,南华,云南省,楚雄彝族自治州
LYD,凌源,辽宁省,朝阳市
LDD,凌源东,辽宁省,朝阳市
LKT,牛河梁,辽宁省,朝阳市
NDN,南湖东,湖北省,武汉市
NFG,南丰,江西省,抚州市
NFT,南芬,辽宁省,本溪市
NUT,南芬北,辽宁省,本溪市
YIJ,银川,宁夏回族自治区,银川市
LNJ,灵武,宁夏回族自治区,银川市
NOJ,宁东,宁夏回族自治区,银川市
HFJ,河东机场,宁夏回族自治区,银川市
UWJ,灵武北,宁夏回族自治区,银川市
NDJ,宁东南,宁夏回族自治区,银川市
NCG,南昌,江西省,南昌市
NXG,南昌西,江西省,南昌市
NOG,南 昌,江西省,南昌市
NDG,南城,江西省,抚州市
NHA,牛车河,湖南省,常德市
NCW,南充,四川省,南充市
NCE,南充北,四川省,南充市
NBE,南部,四川省,南充市
MXA,梅州西,广东省,梅州市
MOQ,梅州,广东省,梅州市
MZM,蒙自,云南省,红河哈尼族彝族自治州
KIQ,暮云,湖南省,长沙市
MYO,门源,青海省,海北藏族自治州
MXJ,岷县,甘肃省,定西市
MSN,庙山,湖北省,武汉市
MSE,名山,四川省,雅安市
MOK,蒙山,山东省,临沂市
PIK,平邑,山东省,临沂市
MSW,眉山,四川省,眉山市
IUW,眉山东,四川省,眉山市
MIF,民权北,河南省,商丘市
MQF,民权,河南省,商丘市
MBS,闽清北,福建省,福州市
MBK,牟平,山东省,烟台市
MSR,玛纳斯,新疆维吾尔自治区,昌吉回族自治州
MLM,弥勒,云南省,红河哈尼族彝族自治州
MBJ,民乐,甘肃省,张掖市
MLR,马兰,新疆维吾尔自治区,巴音郭楞蒙古自治州
MJN,闵集,湖北省,孝感市
MDN,明港东,河南省,信阳市
MRB,帽儿山,黑龙江省,哈尔滨市
MUB,帽儿山西,黑龙江省,哈尔滨市
MHN,毛陈,湖北省,孝感市
OMH,马鞍山东,安徽省,马鞍山市
MAH,马鞍山,安徽省,马鞍山市
LEJ,临泽,甘肃省,张掖市
LDJ,临泽南,甘肃省,张掖市
LZE,阆中,四川省,南充市
UEK,临淄北,山东省,淄博市
LIZ,鹿寨,广西壮族自治区,柳州市
LSZ,鹿寨北,广西壮族自治区,柳州市
DHR,柳园,甘肃省,酒泉市
LNR,柳园南,甘肃省,酒泉市
LUK,临邑,山东省,德州市
III,临  沂北,山东省,临沂市
LEH,溧阳,江苏省,常州市
UXV,岚县,山西省,吕梁市
LXK,莱西,山东省,青岛市
KRW,洛湾三江,贵州省,贵阳市
UWK,岚山西,山东省,日照市
LSE,娄山关南,贵州省,遵义市
LDH,溧水,江苏省,南京市
JGG,井冈山,江西省,吉安市
LAG,龙市,江西省,吉安市
IVW,乐山,四川省,乐山市
LIU,涟水,江苏省,淮安市
UDV,灵石东,山西省,晋中市
LSV,灵石,山西省,晋中市
LBA,龙山北,湖南省,湘西土家族苗族自治州
LOU,临泉,安徽省,阜阳市
LGY,礼泉,陕西省,咸阳市
LQU,龙桥,安徽省,合肥市
LPE,梁平南,重庆市,重庆市
UQW,梁平,重庆市,重庆市
INJ,陇南,甘肃省,陇南市
UKQ,醴陵东,湖南省,株洲市
LMU,芦庙,安徽省,亳州市
COK,兰陵北,山东省,临沂市
KFW,龙里北,贵州省,黔南布依族苗族自治州
UKK,龙口市,山东省,烟台市
LUF,兰考南,河南省,开封市
LKF,兰考,河南省,开封市
UPK,厉家寨,山东省,临沂市
LNK,利津南,山东省,东营市
LZZ,柳州,广西壮族自治区,柳州市
LON,漯河,河南省,漯河市
LBN,漯河西,河南省,漯河市
IKW,罗江东,四川省,德阳市
LHA,隆回,湖南省,邵阳市
LNE,珞璜南,重庆市,重庆市
BNQ,麓谷,湖南省,长沙市
UDP,滦河,河北省,唐山市
KGQ,临高南,海南省,临高县
LXV,临汾西,山西省,临汾市
LFV,临汾,山西省,临汾市
LQM,禄丰南,云南省,楚雄彝族自治州
LFA,来凤,湖北省,恩施土家族苗族自治州
USV,娄烦,山西省,太原市
INW,离堆公园,四川省,成都市
PFQ,尖峰,海南省,乐东黎族自治县
KLQ,黄流,海南省,乐东黎族自治县
UQQ,乐东,海南省,乐东黎族自治县
UOQ,娄底南,湖南省,娄底市
LDQ,娄底,湖南省,娄底市
LDO,乐都,青海省,海东市
FVW,龙洞堡,贵州省,贵阳市
ACQ,老城镇,海南省,澄迈县
FZQ,福山镇,海南省,澄迈县
LGK,陵城,山东省,德州市
VCZ,罗城,广西壮族自治区,河池市
UUP,临城,河北省,邢台市
ILQ,乐昌东,广东省,韶关市
LCQ,乐昌,广东省,韶关市
NWW,隆昌北,四川省,内江市
LCW,隆昌,四川省,内江市
LCF,绿博园,河南省,郑州市
LTQ,寮步,广东省,东莞市
GMH,灵璧,安徽省,宿州市
UBZ,来宾,广西壮族自治区,来宾市
UCZ,来宾北,广西壮族自治区,来宾市
IDZ,隆安东,广西壮族自治区,南宁市
KZT,喀左,辽宁省,朝阳市
ESR,昆玉,新疆维吾尔自治区,昆玉市
KVW,开阳,贵州省,贵阳市
KTQ,葵潭,广东省,揭阳市
KNM,王家营西,云南省,昆明市
KMM,昆明,云南省,昆明市
KOM,昆明南,云南省,昆明市
KLD,库伦,内蒙古自治区,通辽市
KLW,凯里,贵州省,黔东南苗族侗族自治州
QKW,凯里南,贵州省,黔东南苗族侗族自治州
KHU,开化,浙江省,衢州市
FLQ,开福寺,湖南省,长沙市
YCV,榆次,山西省,晋中市
JZV,晋中,山西省,晋中市
JEP,景州,河北省,衡水市
JYH,缙云,浙江省,丽水市
PYH,缙云西,浙江省,丽水市
PYQ,金月湾,海南省,东方市
JTN,金银潭,湖北省,武汉市
JGJ,嘉峪关,甘肃省,嘉峪关市
JBJ,嘉峪关南,甘肃省,嘉峪关市
JOW,简阳南,四川省,成都市
JRQ,揭阳南,广东省,揭阳市
JYA,揭阳,广东省,揭阳市
JUA,揭阳机场,广东省,揭阳市
JFW,江油,四川省,绵阳市
JBE,江油北,四川省,绵阳市
JXG,进贤南,江西省,南昌市
JUG,进贤,江西省,南昌市
JXF,郏县,河南省,平顶山市
JMZ,靖西,广西壮族自治区,百色市
LOH,泾县,安徽省,宣城市
JDV,介休东,山西省,晋中市
JXV,介休,山西省,晋中市
NRH,绩溪北,安徽省,宣城市
JRH,绩溪县,安徽省,宣城市
JSG,吉水西,江西省,吉安市
JUN,界首市,安徽省,阜阳市
JKU,界首南,安徽省,阜阳市
JPQ,尖山,湖南省,长沙市
JSM,建水,云南省,红河哈尼族彝族自治州
JWH,句容西,江苏省,镇江市
JQJ,酒泉,甘肃省,酒泉市
JNJ,酒泉南,甘肃省,酒泉市
JQA,建桥,广东省,梅州市
JVS,建瓯,福建省,南平市
JUS,建瓯西,福建省,南平市
OKH,江宁西,江苏省,南京市
JJH,江宁,江苏省,南京市
JNK,济南,山东省,济南市
JAK,大明湖,山东省,济南市
JGK,济南西,山东省,济南市
MDK,济南东,山东省,济南市
EEI,济  南,山东省,济南市
EII,济  南西,山东省,济南市
JCS,建宁县北,福建省,三明市
VNK,莒南北,山东省,临沂市
JOK,莒南,山东省,临沂市
JUB,佳木斯西,黑龙江省,佳木斯市
JMB,佳木斯,黑龙江省,佳木斯市
JME,剑门关,四川省,广元市
JVK,即墨北,山东省,青岛市
KJQ,九郎山,湖南省,株洲市
JLS,将乐,福建省,三明市
JHL,蛟河,吉林省,吉林市
JOL,蛟河西,吉林省,吉林市
JDU,建德,浙江省,杭州市
NSH,旌德,安徽省,宣城市
JDG,景德镇北,江西省,景德镇市
JCG,景德镇,江西省,景德镇市
JAJ,泾川,甘肃省,平凉市
JIG,吉安西,江西省,吉安市
VAG,吉安,江西省,吉安市
JUL,建安,吉林省,辽源市
HWV,霍州东,山西省,临汾市
HZV,霍州,山西省,临汾市
HVF,淮阳南,河南省,周口市
HYT,花园口,辽宁省,大连市
KXY,邑,陕西省,西安市
IYN,槐荫,湖北省,孝感市
HTY,合阳北,陕西省,渭南市
HEK,海阳北,山东省,烟台市
HYK,徐家店,山东省,烟台市
KXQ,荷塘,湖南省,株洲市
HVP,黑山寺,北京市,北京市
KNN,花山南,湖北省,武汉市
VUR,和硕,新疆维吾尔自治区,巴音郭楞蒙古自治州
HLN,贺胜桥东,湖北省,咸阳市
HSN,黄石,湖北省,黄石市
KHN,花湖,湖北省,黄石市
KSN,黄石北,湖北省,黄石市
DBN,大冶北,湖北省,黄石市
NYH,黄山北,安徽省,黄山市
HKH,黄山,安徽省,黄山市
IHP,衡水北,河北省,衡水市
HSP,衡水,河北省,衡水市
HQT,黑山北,辽宁省,锦州市
TYJ,太阳山,宁夏回族自治区,吴忠市
HSJ,红寺堡,宁夏回族自治区,吴忠市
HEJ,红寺堡北,宁夏回族自治区,吴忠市
HPN,华容东,湖北省,鄂州市
KRN,华容南,湖北省,鄂州市
HFV,怀仁东,山西省,朔州市
HRV,怀仁,山西省,朔州市
FBH,霍邱,安徽省,六安市
HVZ,合浦,广西壮族自治区,北海市
HAH,淮南,安徽省,淮南市
HOH,淮南东,安徽省,淮南市
HNU,淮南南,安徽省,淮南市
HPV,侯马西,山西省,临汾市
HMV,侯马,山西省,临汾市
IUQ,虎门,广东省,东莞市
HMA,洪梅,广东省,东莞市
HMU,海门,江苏省,南通市
HDA,虎门东,广东省,东莞市
HBA,虎门北,广东省,东莞市
VLY,黄陵南,陕西省,延安市
ULY,黄陵,陕西省,延安市
HRB,海林,黑龙江省,牡丹江市
KBX,海林北,黑龙江省,牡丹江市
SCP,沙城,河北省,张家口市
VQP,怀来,河北省,张家口市
OKB,宏克力,黑龙江省,哈尔滨市
HBM,河口北,云南省,红河哈尼族彝族自治州
FAQ,怀集,广东省,肇庆市
HJA,厚街,广东省,东莞市
IHN,后湖,湖北省,武汉市
HCF,黄河景区,河南省,郑州市
KAQ,怀化南,湖南省,怀化市
HHQ,怀化,湖南省,怀化市
HPB,洪河,黑龙江省,佳木斯市
KXN,黄冈西,湖北省,黄冈市
KGN,黄冈,湖北省,黄冈市
KAN,黄冈东,湖北省,黄冈市
HNN,横沟桥东,湖北省,咸宁市
HFH,合肥,安徽省,合肥市
COH,合肥北城,安徽省,合肥市
ENH,合肥南,安徽省,合肥市
HBB,哈尔滨,黑龙江省,哈尔滨市
VBB,哈尔滨东,黑龙江省,哈尔滨市
XFB,香坊,黑龙江省,哈尔滨市
VAB,哈尔滨西,黑龙江省,哈尔滨市
HTB,哈尔滨北,黑龙江省,哈尔滨市
PNO,平安驿,青海省,海东市
HTV,洪洞西,山西省,临汾市
HDV,洪洞,山西省,临汾市
HDJ,哈达铺,甘肃省,陇南市
HDP,邯郸,河北省,邯郸市
HPP,邯郸东,河北省,邯郸市
HDB,横道河子,黑龙江省,海林市
KUX,横道河子东,黑龙江省,海林市
HUL,珲春,吉林省,延边朝鲜族自治州
SER,霍城,新疆维吾尔自治区,伊犁哈萨克自治州
HKB,寒葱沟,黑龙江省,佳木斯市
HAF,鹤壁,河南省,鹤壁市
HFF,鹤壁东,河南省,鹤壁市
PLH,淮北北,安徽省,淮北市
HRH,淮北,安徽省,淮北市
QAP,怀安,河北省,张家口市
HNS,惠安,福建省,泉州市
AUH,淮安,江苏省,淮安市
HAU,淮安东,江苏省,淮安市
GZG,赣州,江西省,赣州市
GIG,赣县北,江西省,赣州市
GOG,赣州西,江西省,赣州市
GNP,高邑西,河北省,石家庄市
GYU,赣榆,江苏省,连云港市
GOU,灌云,江苏省,连云港市
GIW,贵阳,贵州省,贵阳市
KQW,贵阳北,贵州省,贵阳市
KEW,贵阳东,贵州省,贵阳市
GCU,观音机场,江苏省,徐州市
STS,古田会址,福建省,龙岩市
GTJ,高台,甘肃省,张掖市
GAJ,高台南,甘肃省,张掖市
GPM,广通北,云南省,楚雄彝族自治州
GTS,古田,福建省,宁德市
GBS,古田北,福建省,宁德市
FKQ,观沙岭,湖南省,长沙市
FFQ,谷山,湖南省,长沙市
GUN,光山,河南省,信阳市
GDE,赶水东,重庆市,重庆市
GAZ,桂平,广西壮族自治区,贵港市
GXM,广南县,云南省,文山壮族苗族自治州
FBQ,广宁,广东省,肇庆市
GIU,灌南,江苏省,连云港市
IMQ,光明城,广东省,深圳市
GMK,高密,山东省,潍坊市
GVK,高密北,山东省,潍坊市
GLZ,桂林,广西壮族自治区,桂林市
GBZ,桂林北,广西壮族自治区,桂林市
GEZ,桂林西,广西壮族自治区,桂林市
GLE,关岭,贵州省,安顺市
GLB,高楞,黑龙江省,哈尔滨市
GEM,革居,贵州省,黔西南布依族苗族自治州
FMW,贵定北,贵州省,黔南布依族苗族自治州
GTW,贵定,贵州省,黔南布依族苗族自治州
KIW,贵定县,贵州省,黔南布依族苗族自治州
GNN,葛店南,湖北省,鄂州市
GVW,广汉北,四川省,德阳市
GCZ,恭城,广西壮族自治区,桂林市
GUU,古城东,安徽省,亳州市
GCN,谷城,湖北省,襄阳市
GBN,谷城北,湖北省,襄阳市
GKP,古北口,北京市,北京市
GBP,高碑店,河北省,保定市
GMP,高碑店东,河北省,保定市
VUW,广安南,四川省,广安市
VJW,广安,四川省,广安市
GCG,高安,江西省,宜春市
FZS,福州,福建省,福州市
FYS,福州南,福建省,福州市
FXS,福州 南,福建省,福州市
FNB,方正,黑龙江省,哈尔滨市
FZG,抚州,江西省,抚州市
FDG,抚州东,江西省,抚州市
DXG,东乡,江西省,抚州市
FXU,阜阳西,安徽省,阜阳市
FYH,阜阳,安徽省,阜阳市
FYB,抚远,黑龙江省,佳木斯市
FYM,富源,云南省,曲靖市
FBM,富源北,云南省,曲靖市
FYU,富阳,浙江省,杭州市
FXD,阜新南,辽宁省,阜新市
FOT,阜新,辽宁省,阜新市
FBK,费县北,山东省,临沂市
FXK,费县,山东省,临沂市
FTU,凤台南,安徽省,淮南市
FAW,复盛,重庆市,重庆市
FUQ,丰顺,广东省,梅州市
FDA,丰顺东,广东省,梅州市
KCQ,芙蓉南,湖南省,长沙市
FUY,佛坪,陕西省,汉中市
FNU,阜宁南,江苏省,盐城市
FDU,阜宁东,江苏省,盐城市
AKH,阜宁,江苏省,盐城市
FNM,富宁,云南省,文山壮族苗族自治州
BSN,白沙铺,湖北省,黄石市
FLN,枫林,湖北省,黄石市
FEW,涪陵北,重庆市,重庆市
FLW,涪陵,重庆市,重庆市
FHA,福海西,广东省,深圳市
FGF,扶沟南,河南省,周口市
FUW,丰都,重庆市,重庆市
PUH,繁昌西,安徽省,芜湖市
FNF,方城,河南省,南阳市
FDZ,富川,广西壮族自治区,贺州市
FCG,丰城,江西省,宜春市
FNG,丰城南,江西省,宜春市
FIG,丰城东,江西省,宜春市
FBZ,防城港北,广西壮族自治区,防城港市
ECN,鄂州,湖北省,鄂州市
EFN,鄂州东,湖北省,鄂州市
EGY,阿房宫,陕西省,西安市
EMW,峨眉,四川省,乐山市
IXW,峨眉山,四川省,乐山市
YGW,燕岗,四川省,乐山市
EMR,额敏,新疆维吾尔自治区,塔城地区
FQW,大足南,重庆市,重庆市
RIW,大足,重庆市,重庆市
DXP,定州,河北省,保定市
DOP,定州东,河北省,保定市
DDF,邓州东,河南省,南阳市
DOF,邓州,河南省,南阳市
DYG,大余,江西省,赣州市
DPK,东营,山东省,东营市
DOK,东营南,山东省,东营市
DEE,大邑,四川省,成都市
RYW,都匀,贵州省,黔南布依族苗族自治州
KJW,都匀东,贵州省,黔南布依族苗族自治州
RET,大阳,辽宁省,本溪市
IRQ,丹霞山,广东省,韶关市
DDG,德兴东,江西省,上饶市
DWG,德兴,江西省,上饶市
IWP,大兴机场,北京市,北京市
DNJ,定西北,甘肃省,定西市
DSJ,定西,甘肃省,定西市
DTO,大通西,青海省,西宁市
DTV,大同,山西省,大同市
DMV,大同南,山西省,大同市
OWH,当涂东,安徽省,马鞍山市
DSL,大石头,吉林省,延边朝鲜族自治州
DAL,大石头南,吉林省,延边朝鲜族自治州
DKH,砀山,安徽省,宿州市
PRH,砀山南,安徽省,宿州市
DYC,东胜西,内蒙古自治区,鄂尔多斯市
EEC,鄂尔多斯,内蒙古自治区,鄂尔多斯市
RSC,东胜东,内蒙古自治区,鄂尔多斯市
MOH,德清西,浙江省,湖州市
DRH,德清,浙江省,湖州市
DSD,大青沟,内蒙古自治区,通辽市
DTB,得莫利,黑龙江省,哈尔滨市
KOQ,大朗镇,广东省,东莞市
DNY,大荔,陕西省,渭南市
DCB,达连河,黑龙江省,哈尔滨市
DKA,洞口,湖南省,邵阳市
DTK,董家口,山东省,青岛市
DON,丹江口,湖北省,十堰市
FWQ,洞井,湖南省,长沙市
DJE,垫江,重庆市,重庆市
RRQ,道,广东省,东莞市
QBP,东花园北,河北省,张家口市
WGQ,东莞西,广东省,东莞市
RMT,大孤山,辽宁省,丹东市
DGA,东莞港,广东省,东莞市
RGT,东港北,辽宁省,丹东市
DNE,大方南,贵州省,毕节市
KRQ,大丰,江苏省,盐城市
DFE,大方,贵州省,毕节市
DRB,东二道河,黑龙江省,佳木斯市
RDD,东戴河,辽宁省,葫芦岛市
IYQ,东城南,广东省,东莞市
DCJ,东岔,甘肃省,天水市
DCG,都昌,江西省,九江市
RBZ,德保,广西壮族自治区,百色市
DCZ,东安东,湖南省,永州市
CWT,城子坦,辽宁省,大连市
CZE,崇州,四川省,成都市
CYE,朝阳湖,四川省,成都市
CNQ,潮阳,广东省,汕头市
VBT,朝阳,辽宁省,朝阳市
CYD,朝阳南,辽宁省,朝阳市
CIA,城西,海南省,海口市
CUM,楚雄,云南省,楚雄彝族自治州
CXE,苍溪,四川省,广元市
CFH,长兴南,浙江省,湖州市
CBH,长兴,浙江省,湖州市
CWY,长武,陕西省,咸阳市
CNS,长汀南,福建省,龙岩市
CTE,朝天,四川省,广元市
RXQ,长沙西,湖南省,长沙市
CSU,常山,浙江省,衢州市
COW,长寿北,重庆市,重庆市
EFW,长寿,重庆市,重庆市
CSE,长寿湖,重庆市,重庆市
CQJ,长庆桥,甘肃省,庆阳市
CNE,长宁,四川省,宜宾市
CNG,茶陵南,湖南省,株洲市
CLA,长流,海南省,海口市
FVH,长临河,安徽省,合肥市
EBV,蔡家崖,山西省,吕梁市
GUH,巢湖东,安徽省,合肥市
CIH,巢湖,安徽省,合肥市
VAT,查干湖,吉林省,松原市
CBY,城固北,陕西省,汉中市
CEF,长葛,河南省,许昌市
CGF,长葛北,河南省,许昌市
CDW,成都,四川省,成都市
CNW,成都南,四川省,成都市
ICW,成都东,四川省,成都市
XIW,犀浦,四川省,成都市
CMW,成都西,四川省,成都市
IYP,承德县北,河北省,承德市
WZY,韦庄,陕西省,渭南市
CXA,长安西,陕西省,西安市
CAA,长安,广东省,东莞市
BNU,亳州南,安徽省,亳州市
BZB,宾州,黑龙江省,哈尔滨市
BIK,滨州,山东省,滨州市
BXY,彬州,陕西省,咸阳市
FHW,百宜,贵州省,贵阳市
FWP,白洋淀,河北省,保定市
BOD,白音华南,内蒙古自治区,锡林郭勒盟
BVE,白云北,贵州省,贵阳市
LTZ,黎塘,广西壮族自治区,南宁市
UKZ,宾阳,广西壮族自治区,南宁市
BWW,步行街,四川省,成都市
BVT,本溪新城,辽宁省,本溪市
BBB,宾西北,黑龙江省,哈尔滨市
BCV,白文东,山西省,吕梁市
NGQ,板塘,湖南省,湘潭市
FZW,璧山,重庆市,重庆市
BUB,宝清,黑龙江省,双鸭山市
BPT,北票,辽宁省,朝阳市
BLT,八里甸子,辽宁省,本溪市
IPP,北京大兴,北京市,北京市
BBY,宝鸡南,陕西省,宝鸡市
BJY,宝鸡,陕西省,宝鸡市
BOE,毕节,贵州省,毕节市
BGU,滨海港,江苏省,盐城市
FCP,滨海北,天津市,天津市
FEP,白沟,河北省,保定市
FGQ,八方山,湖南省,长沙市
BER,博尔塔拉,新疆维吾尔自治区,博尔塔拉蒙古自治州
BDP,保定,河北省,保定市
BMP,保定东,河北省,保定市
VLP,八达岭长城,北京市,北京市
BBZ,博白,广西壮族自治区,玉林市
AYF,安阳,河南省,安阳市
ADF,安阳东,河南省,安阳市
ATL,安图,吉林省,延边朝鲜族自治州
AXL,安图西,吉林省,延边朝鲜族自治州
ASW,安顺,贵州省,安顺市
ASE,安顺西,贵州省,安顺市
ARG,安仁,湖南省,郴州市
AXN,安陆西,湖北省,孝感市
ALN,安陆,湖北省,孝感市
AUR,阿勒泰,新疆维吾尔自治区,阿勒泰地区
ADA,安江东,湖南省,怀化市
ARX,阿尔山北,内蒙古自治区,兴安盟
ACB,阿城,黑龙江省,哈尔滨市
ABB,阿城北,黑龙江省,哈尔滨市
AQC,阿巴嘎旗,内蒙古自治区,锡林郭勒盟
ZZM,中寨,云南省,曲靖市
ZZY,子洲,陕西省,榆林市
ZUS,漳州,福建省,漳州市
ZUW,镇远,贵州省,黔东南苗族侗族自治州
ZVY,紫阳,陕西省,安康市
ZYN,枣阳,湖北省,襄阳市
ZXC,正镶白旗,内蒙古自治区,锡林郭勒盟
ZIP,张辛,北京市,北京市
ZVT,镇西,吉林省,白城市
ZXS,资溪,江西省,抚州市
ZTN,钟祥,湖北省,荆门市
ZWD,彰武,辽宁省,阜新市
ZWB,张维屯,黑龙江省,绥化市
ZSG,樟树,江西省,宜春市
ZOG,樟树东,江西省,宜春市
ZSY,柞水,陕西省,商洛市
EAQ,小榄,广东省,中山市
DRQ,东升,广东省,中山市
ZGQ,中山北,广东省,中山市
ZSQ,中山,广东省,中山市
NNQ,南朗,广东省,中山市
GNQ,古镇,广东省,中山市
NOQ,南头,广东省,中山市
ZHD,珠斯花,内蒙古自治区,通辽市
ZRC,朱日和,内蒙古自治区,锡林郭勒盟
ZVP,枣强,河北省,衡水市
ZQY,张桥,陕西省,渭南市
ZPR,泽普,新疆维吾尔自治区,喀什地区
ZPF,镇平,河南省,南阳市
ZNJ,中宁南,宁夏回族自治区,中卫市
VNJ,中宁,宁夏回族自治区,中卫市
ZDJ,中宁东,宁夏回族自治区,中卫市
ZOQ,樟木头,广东省,东莞市
ZXX,扎赉诺尔西,内蒙古自治区,呼伦贝尔市
ZLD,扎鲁特,内蒙古自治区,通辽市
ZIV,枣林,山西省,忻州市
ZLT,镇赉,吉林省,白城市
ZLV,张兰,山西省,晋中市
ZBW,曾家坪子,云南省,昭通市
ZUJ,朱家窑,甘肃省,兰州市
ZJZ,湛江,广东省,湛江市
ZWQ,湛江西,广东省,湛江市
CWJ,褚家湾,宁夏回族自治区,中卫市
ZJH,镇江,江苏省,镇江市
ZEH,镇江南,江苏省,镇江市
ZOB,周家,黑龙江省,哈尔滨市
ZDH,诸暨,浙江省,绍兴市
ZYP,紫荆关,河北省,保定市
ZUB,朱家沟,黑龙江省,牡丹江市
ZJY,钟家村,陕西省,渭南市
ZIN,枝江北,湖北省,宜昌市
NKH,南京南,江苏省,南京市
NJH,南京,江苏省,南京市
XPH,仙林,江苏省,南京市
ZHX,中和,黑龙江省,齐齐哈尔市
ZGB,赵光,黑龙江省,黑河市
ZFM,照福铺,云南省,曲靖市
ZDP,正定,河北省,石家庄市
ZHT,章党,辽宁省,抚顺市
ZDB,肇东,黑龙江省,绥化市
ZCV,赵城,山西省,临汾市
ZIK,邹城,山东省,济宁市
ZQK,诸城,山东省,潍坊市
ZHY,子长,陕西省,延安市
ZCN,枝城,湖北省,宜都市
ZJJ,中川机场,甘肃省,兰州市
ZUP,张百湾,河北省,承德市
ZBP,招柏,山西省,大同市
ZAD,治安,内蒙古自治区,通辽市
ZEY,镇安,陕西省,商洛市
YZD,杨杖子,辽宁省,朝阳市
AEM,羊者窝,云南省,曲靖市
YQM,迤资,四川省,攀枝花市
YZK,兖州,山东省,济宁市
YSZ,宜州,广西壮族自治区,河池市
YYJ,鸳鸯镇,甘肃省,天水市
YYL,鸭园,吉林省,通化市
ARP,阳邑,河北省,邯郸市
YYQ,岳阳,湖南省,岳阳市
YIQ,岳阳东,湖南省,岳阳市
AFW,酉阳,重庆市,重庆市
YIG,弋阳,江西省,上饶市
ACG,永修,江西省,九江市
POW,普雄,四川省,凉山彝族自治州
YHW,越西,四川省,凉山彝族自治州
WMQ,阳西,广东省,阳江市
YWM,羊尾哨,云南省,曲靖市
YUX,烟筒屯,黑龙江省,大庆市
YSL,烟筒山,吉林省,吉林市
YTZ,牙屯堡,湖南省,怀化市
QBQ,清远,广东省,清远市
YTQ,源潭,广东省,清远市
YIP,鹰手营子,河北省,承德市
YSX,榆树屯,黑龙江省,齐齐哈尔市
AIP,野三坡,河北省,保定市
YSP,元氏,河北省,石家庄市
ASP,窑上,河北省,承德市
YSV,榆社,山西省,晋中市
YUK,沂水,山东省,临沂市
YSF,偃师,河南省,洛阳市
AUM,玉舍,贵州省,六盘水市
YSJ,玉石,甘肃省,金昌市
YBF,月山,河南省,焦作市
YGP,榆树沟,河北省,承德市
YQT,姚千户屯,辽宁省,沈阳市
AQK,源迁,山东省,淄博市
YSR,焉耆,新疆维吾尔自治区,巴音郭楞蒙古自治州
UPH,乐清,浙江省,温州市
AQP,阳泉,山西省,阳泉市
YPP,阳泉北,山西省,阳泉市
YZJ,营盘水,宁夏回族自治区,中卫市
YVM,宜耐,云南省,昆明市
YNK,沂南,山东省,临沂市
YST,一面山,辽宁省,丹东市
YXJ,玉门,甘肃省,酒泉市
DWJ,低窝铺,甘肃省,酒泉市
YVV,阳明堡,山西省,忻州市
YMF,义马,河南省,三门峡市
YUM,月亮田,贵州省,六盘水市
YLD,余粮堡,内蒙古自治区,通辽市
YLM,杨林,云南省,昆明市
ALW,彝良,云南省,昭通市
YLX,伊拉哈,黑龙江省,黑河市
YDY,永乐店,陕西省,咸阳市
YSM,宜良北,云南省,昆明市
YLW,永郎,四川省,凉山彝族自治州
YJX,银浪,黑龙江省,大庆市
YGT,营口东,辽宁省,营口市
YKT,营口,辽宁省,营口市
AZK,燕家庄,山东省,泰安市
AFP,云居寺,北京市,北京市
YIR,英吉沙,新疆维吾尔自治区,喀什地区
YAT,姚家,吉林省,长春市
AJP,燕郊,河北省,廊坊市
YHG,余江,江西省,鹰潭市
AEW,盐津,云南省,昭通市
KCW,盐津北,云南省,昭通市
YAM,营街,贵州省,六盘水市
WRQ,阳江,广东省,阳江市
URH,永嘉,浙江省,温州市
AEP,岩会,山西省,阳泉市
EVH,余杭,浙江省,杭州市
YOB,友好,黑龙江省,伊春市
YIK,阳谷,山东省,聊城市
YRB,杨岗,黑龙江省,鸡西市
YYM,永丰营,云南省,昆明市
YDQ,英德,广东省,清远市
IIQ,英德西,广东省,清远市
YAJ,园墩,甘肃省,武威市
YDG,于都,江西省,赣州市
YGH,雁荡山,浙江省,温州市
WLQ,阳东,广东省,阳江市
YGS,永定,福建省,龙岩市
IXH,虞城县,河南省,商丘市
ACP,云彩岭,山西省,大同市
YPK,郓城,山东省,菏泽市
YAL,阳岔,吉林省,通化市
YEK,晏城,山东省,德州市
YHN,应城,湖北省,孝感市
YIN,宜城,湖北省,襄阳市
YQQ,阳春,广东省,阳江市
BKX,博克图,内蒙古自治区,呼伦贝尔市
BEL,白河,吉林省,延边朝鲜族自治州
BCT,白城,吉林省,白城市
BAP,白涧,河北省,保定市
BBH,蚌埠,安徽省,蚌埠市
BAB,北安,黑龙江省,黑河市
BHZ,北海,广西壮族自治区,北海市
BMH,蚌埠南,安徽省,蚌埠市
AXT,鞍山西,辽宁省,鞍山市
AQH,安庆,安徽省,安庆市
APT,安平,辽宁省,辽阳市
AST,鞍山,辽宁省,鞍山市
AKR,阿拉山口,新疆维吾尔自治区,博尔塔拉蒙古自治州
AHX,阿里河,内蒙古自治区,呼伦贝尔市
BEC,白云鄂博,内蒙古自治区,包头市
BNJ,白银市,甘肃省,白银市
BXJ,白银西,甘肃省,白银市
VGQ,常德,湖南省,常德市
CBN,赤壁,湖北省,咸宁市
CIN,赤壁北,湖北省,咸宁市
CDT,长甸,辽宁省,丹东市
CEH,苍南,浙江省,温州市
CDB,长汀镇,黑龙江省,牡丹江市
CBF,长治北,山西省,长治市
CZF,长治,山西省,长治市
CZJ,长征,甘肃省,白银市
CZQ,郴州,湖南省,郴州市
COP,沧州,河北省,沧州市
ICQ,郴州西,湖南省,郴州市
CBP,沧州西,河北省,沧州市
RAT,大安,吉林省,白城市
RNT,大安北,吉林省,白城市
DHL,敦化,吉林省,延边朝鲜族自治州
DFP,大涧,山西省,大同市
DDW,都江堰,四川省,成都市
DLT,大连,辽宁省,大连市
DKM,大理,云南省,大理白族自治州
DNG,定南,江西省,赣州市
DQT,大石桥,辽宁省,营口市
DFT,大连北,辽宁省,大连市
DUX,大杨树,内蒙古自治区,呼伦贝尔市
EJC,额济纳,内蒙古自治区,阿拉善盟
ESN,恩施,湖北省,恩施土家族苗族自治州
FJQ,凤凰机场,海南省,三亚市
FET,抚顺北,辽宁省,抚顺市
GJV,古交,山西省,太原市
GRX,古莲,黑龙江省,大兴安岭地区
GSN,广水,湖北省,随州市
GBT,公主岭南,吉林省,四平市
GLT,公主岭,吉林省,四平市
YYY,砚川,陕西省,商洛市
HMB,鹤北,黑龙江省,鹤岗市
HVN,淮滨,河南省,信阳市
KCN,潢川,河南省,信阳市
HCY,韩城,陕西省,西安市
HEM,红果,贵州省,六盘水市
HLD,葫芦岛,辽宁省,葫芦岛市
YKJ,盐池,宁夏回族自治区,吴忠市
HRX,海拉尔,内蒙古自治区,呼伦贝尔市
HPD,葫芦岛北,辽宁省,葫芦岛市
HLB,海伦,黑龙江省,绥化市
HNB,桦南,黑龙江省,佳木斯市
HRP,怀柔,北京市,北京市
HDY,华山北,陕西省,渭南市
HYQ,衡阳,湖南省,衡阳市
HXZ,贺州,广西壮族自治区,贺州市
HSY,华山,陕西省,渭南市
HVQ,衡阳东,湖南省,衡阳市
JAL,集安,吉林省,通化市
JEF,晋城北,山西省,晋城市
JCF,晋城,山西省,晋城市
JJZ,金城江,广西壮族自治区,河池市
JBH,金华,浙江省,金华市
JJG,九江,江西省,九江市
JLL,吉林,吉林省,长春市
JIK,济宁,山东省,济宁市
JIQ,吉首,湖南省,湘西土家族苗族自治州
JVJ,镜铁山,甘肃省,张掖市
JIP,蓟州,天津市,天津市
JKP,蓟州北,天津市,天津市
RNH,金华南,浙江省,金华市
JZT,金州,辽宁省,大连市
KNH,昆山南,江苏省,苏州市
KXT,开原西,辽宁省,铁岭市
KYT,开原,辽宁省,铁岭市
UAH,六安,安徽省,六安市
YER,叶城,新疆维吾尔自治区,喀什地区
UTP,潞城,山西省,长治市
LHC,临河,内蒙古自治区,巴彦淖尔市
LWJ,绿化,甘肃省,嘉峪关市
LHM,丽江,云南省,丽江市
LJL,龙井,吉林省,延边朝鲜族自治州
KSH,昆山,江苏省,苏州市
LHV,吕梁,山西省,吕梁市
LLG,醴陵,湖南省,株洲市
AIH,阳澄湖,江苏省,苏州市
UPP,滦平,河北省,承德市
UMW,六盘水,贵州省,六盘水市
LXJ,陇西,甘肃省,定西市
LPQ,耒阳西,湖南省,衡阳市
LYQ,耒阳,湖南省,衡阳市
LYF,洛阳,河南省,洛阳市
LDF,洛阳东,河南省,洛阳市
LLF,洛阳龙门,河南省,洛阳市
LYL,辽源,吉林省,辽源市
MCN,麻城,湖北省,黄冈市
MBN,麻城北,湖北省,黄冈市
MDX,免渡河,内蒙古自治区,呼伦贝尔市
MDB,牡丹江,黑龙江省,牡丹江市
GLF,关林,河南省,洛阳市
MHX,满归,内蒙古自治区,呼伦贝尔市
MDQ,茂名,广东省,茂名市
MJT,马三家,辽宁省,沈阳市
MYW,绵阳,四川省,绵阳市
PWQ,马踏,广东省,茂名市
MLX,满洲里,内蒙古自治区,呼伦贝尔市
NWQ,电白,广东省,茂名市
MMZ,茂名西,广东省,茂名市
NMP,南大庙,河北省,承德市
NHX,讷河,黑龙江省,齐齐哈尔市
NGX,嫩江,黑龙江省,黑河市
PVD,盘锦,辽宁省,盘锦市
PIJ,平凉,甘肃省,平凉市
POJ,平凉南,甘肃省,平凉市
PXG,萍乡,江西省,萍乡市
PBG,萍乡北,江西省,萍乡市
PCW,郫县西,四川省,成都市
QSW,青城山,四川省,成都市
QYP,清河城,河北省,邢台市
QNW,黔江,重庆市,重庆市
QVV,沁县,山西省,长治市
QYS,泉州,福建省,泉州市
QEH,衢州,浙江省,衢州市
RQJ,汝箕沟,宁夏回族自治区,石嘴山市
SCB,双城堡,黑龙江省,哈尔滨市
SFB,绥芬河,黑龙江省,牡丹江市
SNQ,韶关,广东省,韶关市
SHD,山海关,河北省,秦皇岛市
SFX,三间房,黑龙江省,齐齐哈尔市
YYB,迎春,黑龙江省,鸡西市
SLL,舒兰,吉林省,吉林市
ONY,商南,陕西省,商洛市
PPT,四平东,吉林省,四平市
SGQ,韶关东,广东省,韶关市
OAH,宿松,安徽省,安庆市
OTQ,汕头,广东省,汕头市
SPT,四平,吉林省,四平市
OEP,涉县,河北省,邯郸市
JUQ,三  亚,海南省,三亚市
SEQ,三亚,海南省,三亚市
SSB,双鸭山,黑龙江省,双鸭山市
SZH,苏州,江苏省,苏州市
TGY,潼关,陕西省,渭南市
TBQ,塘豹,湖南省,怀化市
TXX,塔河,黑龙江省,大兴安岭地区
TLX,泰来,黑龙江省,齐齐哈尔市
TPT,陶赖昭,吉林省,松原市
RDQ,铜仁,贵州省,铜仁市
TMK,泰安,山东省,泰安市
TQT,太阳升,黑龙江省,大庆市
WCB,五常,黑龙江省,哈尔滨市
TAP,通州西,北京市,北京市
TAK,泰山,山东省,泰安市
WCN,武昌,湖北省,武汉市
KAH,苏州园区,江苏省,苏州市
WVC,乌海,内蒙古自治区,乌海市
WBC,乌海北,内蒙古自治区,乌海市
WXC,乌海西,内蒙古自治区,乌海市
ITH,苏州新区,江苏省,苏州市
OHH,苏州北,江苏省,苏州市
WMR,乌鲁木齐南,新疆维吾尔自治区,乌鲁木齐市
HKN,汉口,湖北省,武汉市
WLW,武隆,重庆市,重庆市
WAR,乌鲁木齐,新疆维吾尔自治区,乌鲁木齐市
WSM,威舍,贵州省,黔西南布依族苗族自治州
WIT,歪头山,辽宁省,本溪市
WPB,乌伊岭,黑龙江省,伊春市
RZH,温州,浙江省,温州市
VRH,温州南,浙江省,温州市
ECW,西昌,四川省,凉山彝族自治州
ENW,西昌南,四川省,凉山彝族自治州
XTC,锡林浩特,内蒙古自治区,锡林郭勒盟
XWM,宣威,云南省,曲靖市
WHN,武汉,湖北省,武汉市
YWY,延安,陕西省,延安市
YBD,叶柏寿,辽宁省,朝阳市
AEH,盐城北,江苏省,盐城市
YCB,伊春,黑龙江省,伊春市
YNY,阎良,陕西省,西安市
TWQ,亚龙湾,海南省,三亚市
YLZ,玉林,广西壮族自治区,玉林市
YMR,伊宁,新疆维吾尔自治区,伊犁哈萨克自治州
YQB,玉泉,黑龙江省,哈尔滨市
YYV,阳泉曲,山西省,吕梁市
NUW,营山,四川省,南充市
YRT,榆树,吉林省,榆树市
ATP,玉田县,河北省,唐山市
YON,阳新,湖北省,黄石市
AEQ,益阳,湖南省,益阳市
YUQ,崖州,海南省,三亚市
AOQ,永州,湖南省,永州市
ZGW,自贡,四川省,自贡市
ZHQ,珠海,广东省,珠海市
ZTX,扎兰屯,内蒙古自治区,呼伦贝尔市
ZDW,昭通,云南省,昭通市
ZCW,昭通北,云南省,昭通市
QXQ,前山,广东省,珠海市
ZFW,昭通南,云南省,昭通市
MFQ,明珠,广东省,珠海市
PDQ,唐家湾,广东省,珠海市
ZIQ,珠海北,广东省,珠海市
YKM,秧草地,云南省,曲靖市
ARW,安德,四川省,成都市
ADO,安多,西藏,那曲地区
AHP,艾河,河北省,保定市
PKQ,安化,湖南省,益阳市
AJB,安家,黑龙江省,哈尔滨市
PYW,安靖,四川省,成都市
AER,阿克陶,新疆维吾尔自治区,克孜勒苏柯尔克孜自治州
ALD,敖力布告,内蒙古自治区,通辽市
AYY,安口窑,甘肃省,平凉市
ASX,阿龙山,内蒙古自治区,呼伦贝尔市
JTX,阿木尔,黑龙江省,大兴安岭地区
ATV,安塘,山西省,忻州市
APH,安庆西,安徽省,安庆市
ATR,阿图什,新疆维吾尔自治区,克孜勒苏柯尔克孜自治州
BCR,巴楚,新疆维吾尔自治区,喀什地区
BPP,宝坻,天津市,天津市
BEP,北戴河,河北省,秦皇岛市
BGM,柏果,贵州省,六盘水市
BEY,白河县,陕西省,安康市
BIY,白河东,陕西省,安康市
BJJ,白芨沟,宁夏回族自治区,石嘴山市
ORQ,顺德,广东省,佛山市
BSB,笔架山,黑龙江省,双鸭山市
IBQ,北,广东省,佛山市
RUQ,容桂,广东省,佛山市
BKB,白奎堡,黑龙江省,哈尔滨市
OJQ,顺德学院,广东省,佛山市
BLQ,碧江,广东省,佛山市
BNB,宝林,黑龙江省,牡丹江市
BND,宝龙山,内蒙古自治区,通辽市
BMB,八面通,黑龙江省,牡丹江市
BNM,班猫箐,云南省,昆明市
BQB,宝泉岭,黑龙江省,鹤岗市
BQL,白泉,吉林省,辽源市
BSY,白水江,陕西省,汉中市
BUM,白水镇,云南省,曲靖市
FDC,包头 东,内蒙古自治区,包头市
BZP,泊头,河北省,沧州市
VXD,八仙筒,内蒙古自治区,通辽市
BYB,背荫河,黑龙江省,哈尔滨市
BAC,巴彦高勒,内蒙古自治区,巴彦淖尔市
BYT,鲅鱼圈,辽宁省,营口市
CBC,查布嘎,内蒙古自治区,赤峰市
CAX,嵯岗,内蒙古自治区,呼伦贝尔市
CZB,成高子,黑龙江省,哈尔滨市
CHB,柴河,黑龙江省,牡丹江市
CKT,草河口,辽宁省,本溪市
CJX,成吉思汗,内蒙古自治区,呼伦贝尔市
CAM,岔江,贵州省,黔西南布依族苗族自治州
CYP,超梁沟,河北省,承德市
CUQ,慈利,湖南省,张家界市
CPM,长坡岭,云南省,曲靖市
CSP,磁山,河北省,邯郸市
CSL,草市,辽宁省,抚顺市
CVT,长山屯,吉林省,松原市
CTY,朝天南,四川省,广元市
CPT,昌图西,辽宁省,铁岭市
CTT,昌图,辽宁省,铁岭市
CXQ,辰溪,湖南省,怀化市
CYK,磁窑,山东省,泰安市
CZL,朝阳镇,吉林省,通化市
QYH,戚墅堰,江苏省,常州市
CZH,常州,江苏省,常州市
CXH,滁州,安徽省,滁州市
CVK,常庄,山东省,济南市
CFP,曹子里,天津市,天津市
YAB,羊草,黑龙江省,绥化市
DAG,德安,江西省,九江市
CUH,滁州北,安徽省,滁州市
DBJ,大坝,宁夏回族自治区,吴忠市
DCR,达坂城,新疆维吾尔自治区,乌鲁木齐市
DBB,东边井,黑龙江省,绥化市
DGJ,打柴沟,甘肃省,武威市
DDB,滴道,黑龙江省,鸡西市
DRD,刀尔登,辽宁省,朝阳市
TKX,杜尔伯特,黑龙江省,大庆市
DGY,丹凤,陕西省,商洛市
ESH,常州北,江苏省,常州市
DMM,都格,贵州省,六盘水市
RGW,大关,云南省,昭通市
DGP,东光,河北省,沧州市
DHB,东海,黑龙江省,鸡西市
DQD,大红旗,辽宁省,沈阳市
DQH,东海县,江苏省,连云港市
DKP,大口屯,天津市,天津市
DHO,德令哈,青海省,海西蒙古族藏族自治州
DLD,大林,内蒙古自治区,通辽市
DNC,达拉特西,内蒙古自治区,鄂尔多斯市
DMD,东明村,内蒙古自治区,通辽市
DNF,东明县,山东省,菏泽市
DPI,大埔,广东省,梅州市
DVT,大堡,辽宁省,丹东市
RHX,大庆西,黑龙江省,大庆市
DQB,对青山,黑龙江省,哈尔滨市
DZX,大庆,黑龙江省,大庆市
LFX,大庆东,黑龙江省,大庆市
DWT,登沙河,辽宁省,大连市
RZT,大石寨,内蒙古自治区,兴安盟
DGT,灯塔,辽宁省,辽阳市
DTL,东通化,吉林省,通化市
DRJ,东湾,甘肃省,白银市
DXX,大兴,黑龙江省,齐齐哈尔市
DKV,代县,山西省,忻州市
DXV,定襄,山西省,忻州市
DXD,东辛庄,辽宁省,葫芦岛市
DYH,丹阳,江苏省,镇江市
DYW,德阳,四川省,德阳市
DYX,大雁,内蒙古自治区,呼伦贝尔市
DYN,当阳,湖北省,宜昌市
IAW,大英东,四川省,遂宁市
DBV,东淤地,山西省,忻州市
EWH,定远,安徽省,滁州市
EXH,丹阳北,江苏省,镇江市
DIP,德州东,山东省,德州市
DCH,东至,安徽省,池州市
DVQ,低庄,湖南省,怀化市
DNV,东镇,山西省,运城市
DZV,东庄,山西省,忻州市
DWV,兑镇,山西省,吕梁市
DZY,大竹园,陕西省,安康市
DZP,德州,山东省,德州市
EBW,峨边,四川省,乐山市
RDX,二道湾,黑龙江省,齐齐哈尔市
ELA,二龙山屯,黑龙江省,黑河市
RYJ,二营,宁夏回族自治区,固原市
FAS,福安,福建省,宁德市
FEM,发耳,贵州省,六盘水市
FHX,富海,黑龙江省,齐齐哈尔市
FHH,奉化,浙江省,宁波市
FTB,福利屯,黑龙江省,双鸭山市
FNH,阜南,安徽省,阜阳市
FNP,抚宁,河北省,秦皇岛市
VMW,福泉,贵州省,黔南布依族苗族自治州
FSJ,丰水村,甘肃省,兰州市
FSV,繁峙,山西省,忻州市
FKP,福山口,河北省,保定市
FTX,冯屯,黑龙江省,齐齐哈尔市
FAV,汾阳,山西省,吕梁市
FYG,分宜,江西省,新余市
FBT,扶余北,吉林省,松原市
FYX,富裕,黑龙江省,齐齐哈尔市
FYT,扶余,吉林省,松原市
FZY,凤州,陕西省,宝鸡市
VZK,范镇,山东省,泰安市
GBD,沟帮子,辽宁省,锦州市
GZB,古城镇,黑龙江省,牡丹江市
GDV,古东,山西省,太原市
GGZ,贵港,广西壮族自治区,贵港市
GGT,葛根庙,内蒙古自治区,兴安盟
GGJ,甘谷,甘肃省,天水市
GGP,高各庄,北京市,北京市
GEX,根河,内蒙古自治区,根河市
GHT,归流河,内蒙古自治区,兴安盟
GMC,公庙子,内蒙古自治区,巴彦淖尔市
GPF,高平,山西省,晋城市
GAG,共青城,江西省,九江市
GST,灌水,辽宁省,丹东市
GSW,赶水,重庆市,重庆市
GSP,孤山口,北京市,北京市
GSD,高山子,辽宁省,锦州市
GXD,嘎什甸子,内蒙古自治区,通辽市
GAY,高滩,陕西省,安康市
GXG,贵溪,江西省,鹰潭市
GYH,涡阳,安徽省,亳州市
GXF,巩义,河南省,郑州市
GYF,巩义南,河南省,郑州市
GUJ,固原,宁夏回族自治区,固原市
GYD,公营子,辽宁省,朝阳市
GZS,光泽,福建省,南平市
GZY,虢镇,陕西省,宝鸡市
GSQ,高州,广东省,茂名市
GAT,盖州西,辽宁省,营口市
GXT,盖州,辽宁省,营口市
HIH,海安,江苏省,南通市
VXN,红安西,湖北省,黄冈市
HBL,黄柏,吉林省,通化市
HEB,海北,黑龙江省,绥化市
HCN,汉川,湖北省,孝感市
HCZ,河唇,广东省,湛江市
WKW,合川,重庆市,重庆市
HCP,黄村,北京市,北京市
HGC,化德,内蒙古自治区,乌兰察布市
HFR,霍尔果斯,新疆维吾尔自治区,伊犁哈萨克自治州
HFG,横峰,江西省,上饶市
HXJ,韩府湾,宁夏回族自治区,中卫市
HYM,黄瓜园,云南省,楚雄彝族自治州
HUD,黄花筒,内蒙古自治区,通辽市
HJR,和静,新疆维吾尔自治区,巴音郭楞蒙古自治州
HJV,河津,山西省,运城市
HKG,湖口,江西省,九江市
HUB,呼兰,黑龙江省,哈尔滨市
HIT,哈拉海,吉林省,长春市
HOB,鹤立,黑龙江省,佳木斯市
VLB,虎林,黑龙江省,鸡西市
HLL,和龙,吉林省,延边朝鲜族自治州
HAX,哈拉苏,内蒙古自治区,呼伦贝尔市
HYP,韩麻营,河北省,承德市
HHL,黄泥河,吉林省,延边朝鲜族自治州
HMJ,惠农,宁夏回族自治区,石嘴山市
HZM,花棚子,四川省,攀枝花市
HEY,宏庆,甘肃省,陇南市
VSR,和什托洛盖,新疆维吾尔自治区,塔城地区
VSQ,汉寿,湖南省,常德市
HSQ,衡山,湖南省,衡阳市
HEQ,衡山西,湖南省,衡阳市
IFH,无锡新区,江苏省,无锡市
HHP,虎什哈,河北省,承德市
WXH,无锡,江苏省,无锡市
YUD,元宝山,内蒙古自治区,赤峰市
HSO,海石湾,甘肃省,兰州市
VSJ,红砂岘,甘肃省,白银市
HQB,黑台,黑龙江省,鸡西市
VTQ,会同,湖南省,怀化市
HWK,黑旺,山东省,淄博市
VXB,红星,黑龙江省,伊春市
VHB,红兴隆,黑龙江省,双鸭山市
VTB,换新天,黑龙江省,佳木斯市
HTJ,红岘台,甘肃省,白银市
VIX,红彦,内蒙古自治区,莫力达瓦达斡尔族自治旗
WGH,无锡东,江苏省,无锡市
WHW,汉源,四川省,雅安市
HUN,花园,湖北省,孝感市
HYJ,黄羊镇,甘肃省,武威市
HZZ,化州,广东省,茂名市
JIY,靖边,陕西省,榆林市
VCH,惠山,江苏省,无锡市
JBD,金宝屯,内蒙古自治区,通辽市
JCK,鄄城,山东省,菏泽市
JFD,建昌,辽宁省,葫芦岛市
JFP,井店,河北省,邯郸市
YLH,扬州,江苏省,扬州市
VGP,金沟屯,河北省,承德市
JHX,金河,内蒙古自治区,呼伦贝尔市
UDH,江都,江苏省,扬州市
JHZ,江华,湖南省,永州市
VJD,纪家沟,河北省,承德市
JJS,晋江,福建省,泉州市
JJB,姜家,黑龙江省,绥化市
JJW,江津,重庆市,重庆市
JLJ,芨岭,甘肃省,金昌市
JES,角美,福建省,漳州市
JNP,井南,河北省,石家庄市
JPC,经棚,内蒙古自治区,赤峰市
JRN,建始,湖北省,恩施土家族苗族自治州
JSH,嘉善,浙江省,嘉兴市
EAH,嘉善南,浙江省,嘉兴市
JCN,京山,湖北省,荆门市
JSL,吉舒,吉林省,吉林市
JIB,建三江,黑龙江省,佳木斯市
JOM,江所田,云南省,曲靖市
JTJ,景泰,甘肃省,白银市
JNL,九台南,吉林省,长春市
JUK,嘉祥,山东省,济宁市
JJP,井陉,河北省,石家庄市
UTH,泰州,江苏省,泰州市
UEH,姜堰,江苏省,泰州市
SZL,江源,吉林省,白山市
JYF,济源,河南省,济源市
JXK,胶州,山东省,青岛市
JZK,胶州北,山东省,青岛市
JOF,焦作,河南省,焦作市
JXP,晋州,河北省,石家庄市
KAT,开安,吉林省,长春市
KCR,库车,新疆维吾尔自治区,阿克苏地区
KCP,康城,河北省,邯郸市
KDT,宽甸,辽宁省,丹东市
BTC,包头,内蒙古自治区,包头市
KJB,康金井,黑龙江省,哈尔滨市
PQQ,双水镇,广东省,江门市
PUQ,台山,广东省,江门市
PVQ,开平南,广东省,江门市
KQL,口前,吉林省,吉林市
KAB,奎山,黑龙江省,牡丹江市
PXQ,恩平,广东省,江门市
BBC,包头北,内蒙古自治区,包头市
BDC,包头东,内蒙古自治区,包头市
KSB,克山,黑龙江省,齐齐哈尔市
KHX,克一河,内蒙古自治区,呼伦贝尔市
BXC,包头西,内蒙古自治区,包头市
LLT,老边,辽宁省,营口市
KDC,昆都仑召,内蒙古自治区,包头市
LUQ,龙川,广东省,河源市
UCP,黎城,山西省,长治市
LCK,蓝村,山东省,青岛市
LDY,两当,甘肃省,陇南市
LRC,林东,内蒙古自治区,赤峰市
LVP,六道河子,河北省,承德市
LVM,鲁番,贵州省,六盘水市
LFP,廊坊北,河北省,廊坊市
LJP,廊坊,河北省,廊坊市
LNB,兰岗,黑龙江省,牡丹江市
LGJ,龙沟,甘肃省,武威市
LGB,拉古,黑龙江省,牡丹江市
LXX,林海,黑龙江省,大兴安岭地区
JID,凌海,辽宁省,锦州市
LNL,柳河,吉林省,通化市
LHP,龙华,上海市,上海市
LEX,六合镇,黑龙江省,齐齐哈尔市
LKS,连江,福建省,福州市
LJB,李家,黑龙江省,黑河市
LJZ,廉江,广东省,湛江市
LJX,龙江,黑龙江省,齐齐哈尔市
LHB,莲江口,黑龙江省,佳木斯市
LIJ,李家坪,甘肃省,定西市
LKB,林口,黑龙江省,牡丹江市
LAX,老莱,黑龙江省,齐齐哈尔市
LAB,拉林,黑龙江省,哈尔滨市
UWZ,零陵,湖南省,永州市
LMJ,洛门,甘肃省,天水市
UPJ,六盘山,宁夏回族自治区,固原市
UQK,临清,山东省,聊城市
UDQ,冷水江东,湖南省,娄底市
LGT,连山关,辽宁省,本溪市
USP,流水沟,河北省,承德市
LIQ,陵水,海南省,陵水黎族自治县
LAF,鲁山,河南省,平顶山市
LMK,梁山,山东省,济宁市
LSG,庐山,江西省,九江市
LBT,林盛堡,辽宁省,沈阳市
NJS,南靖,福建省,漳州市
LET,李石寨,辽宁省,抚顺市
LAR,轮台,新疆维吾尔自治区,巴音郭楞蒙古自治州
LAS,龙山镇,福建省,漳州市
LTP,芦台,天津市,天津市
LVZ,濑湍,广西壮族自治区,崇左市
LRJ,狼尾山,甘肃省,张掖市
VLJ,李旺,宁夏回族自治区,中卫市
LXY,陇县,陕西省,宝鸡市
LXQ,临湘,湖南省,岳阳市
LXC,林西,内蒙古自治区,赤峰市
LYK,莱阳,山东省,烟台市
UXP,滦县,河北省,唐山市
LYY,略阳,陕西省,汉中市
LMH,龙游,浙江省,衢州市
LXL,老营,吉林省,白山市
LAQ,涟源,湖南省,娄底市
LYX,林源,黑龙江省,大庆市
LIW,六枝,贵州省,六盘水市
UAQ,雷州,广东省,湛江市
LZA,龙镇,黑龙江省,黑河市
LEM,拉,四川省,攀枝花市
MGY,毛坝关,陕西省,安康市
MCF,渑池,河南省,三门峡市
MNF,渑池南,河南省,三门峡市
MAP,庙城,北京市,北京市
MUQ,猛洞河,湖南省,湘西土家族苗族自治州
MHL,梅河口,吉林省,通化市
MGB,孟家岗,黑龙江省,佳木斯市
MHQ,美兰,海南省,海口市
MHB,马莲河,黑龙江省,牡丹江市
MLD,茂林,吉林省,四平市
MGM,马龙,云南省,曲靖市
MLQ,汨罗,湖南省,岳阳市
MQQ,汨罗东,湖南省,岳阳市
UGW,冕宁,四川省,凉山彝族自治州
MST,米沙子,吉林省,长春市
MVQ,麻阳,湖南省,怀化市
MUR,墨玉,新疆维吾尔自治区,和田地区
MZJ,庙庄,甘肃省,平凉市
NAB,宁安,黑龙江省,牡丹江市
NBK,南博山,山东省,淄博市
NSP,南城司,河北省,保定市
NNH,宁国,安徽省,宣城市
NHJ,南河川,甘肃省,天水市
NJB,牛家,黑龙江省,哈尔滨市
NLD,乃林,内蒙古自治区,赤峰市
NMD,奈曼,内蒙古自治区,通辽市
NMZ,宁明,广西壮族自治区,崇左市
NMX,南木,内蒙古自治区,呼伦贝尔市
NQD,南桥,辽宁省,葫芦岛市
NQJ,暖泉,宁夏回族自治区,银川市
NWV,宁武,山西省,忻州市
NEH,南翔北,上海市,上海市
NXQ,宁乡,湖南省,长沙市
NIP,娘子关,山西省,阳泉市
NAF,南召,河南省,南阳市
PAW,蓬安,四川省,南充市
PAJ,磐安镇,甘肃省,天水市
PCY,蒲城,陕西省,渭南市
PEY,蒲城东,陕西省,渭南市
PDB,裴德,黑龙江省,鸡西市
PXJ,坡底下,甘肃省,兰州市
PFB,平房,黑龙江省,哈尔滨市
PGZ,平果,广西壮族自治区,百色市
PAM,盘关,贵州省,六盘水市
PHM,平河口,云南省,曲靖市
PBD,盘锦北,辽宁省,盘锦市
PDP,潘家店,河北省,承德市
PLT,普兰店,辽宁省,大连市
PSB,平山,黑龙江省,哈尔滨市
PPW,彭山北,四川省,眉山市
PSR,皮山,新疆维吾尔自治区,和田地区
PSL,磐石,吉林省,吉林市
PSV,平社,山西省,忻州市
PHW,彭水,重庆市,重庆市
PTM,平田,贵州省,六盘水市
PWV,平旺,山西省,大同市
PGV,平型关,山西省,大同市
KZW,蓬溪,四川省,遂宁市
PWW,郫县,四川省,成都市
PYX,平洋,黑龙江省,齐齐哈尔市
PPJ,平原堡,甘肃省,张掖市
PYP,平峪,北京市,北京市
PZG,彭泽,江西省,九江市
POD,泡子,辽宁省,阜新市
PND,平庄南,内蒙古自治区,赤峰市
QOT,乾安,吉林省,松原市
QQP,迁安,河北省,唐山市
QDM,七甸,云南省,昆明市
QVP,奇峰塔,河北省,保定市
QYQ,琼海,海南省,琼海市
QUY,千河,陕西省,宝鸡市
BWQ,博鳌,海南省,琼海市
INH,全椒,安徽省,滁州市
QJZ,渠旧,广西壮族自治区,崇左市
QJB,秦家,黑龙江省,绥化市
QBT,祁家堡,辽宁省,本溪市
QZV,秦家庄,山西省,忻州市
QLY,秦岭,陕西省,宝鸡市
QSN,确山,河南省,驻马店市
QVH,青田,浙江省,丽水市
QAT,桥头,辽宁省,本溪市
QRW,渠县,四川省,达州市
QUV,清徐,山西省,太原市
QOY,千阳,陕西省,宝鸡市
QYL,泉阳,吉林省,白山市
QDZ,钦州东,广西壮族自治区,钦州市
RBH,如皋,江苏省,南通市
RQP,任丘,河北省,沧州市
RSZ,融水,广西壮族自治区,柳州市
RXZ,容县,广西壮族自治区,玉林市
RVP,饶阳,河北省,衡水市
OBJ,石坝,宁夏回族自治区,吴忠市
RHD,绕阳河,辽宁省,锦州市
OCH,舒城,安徽省,六安市
SWN,商城,河南省,信阳市
SCS,顺昌,福建省,南平市
SMV,神池,山西省,忻州市
SCT,石城,辽宁省,丹东市
SDJ,山丹,甘肃省,张掖市
SIL,水洞,吉林省,通化市
OLH,绅坊,浙江省,温州市
OUD,四道湾,内蒙古自治区,赤峰市
STB,四方台,黑龙江省,双鸭山市
OGC,桑根达来,内蒙古自治区,锡林郭勒盟
OKJ,三关口,宁夏回族自治区,固原市
SBM,松河,贵州省,六盘水市
SHC,赛汗塔拉,内蒙古自治区,锡林郭勒盟
SHL,山河屯,黑龙江省,哈尔滨市
VOP,沙河市,河北省,邢台市
OHD,四合永,河北省,承德市
SZR,石河子,新疆维吾尔自治区,石河子市
SQH,水家湖,安徽省,合肥市
OJJ,沈家河,宁夏回族自治区,固原市
SJL,松江河,吉林省,白山市
SUB,孙家,黑龙江省,哈尔滨市
SAH,松江,上海市,上海市
OLK,司家岭,山东省,莱芜市
SKD,三江口,辽宁省,铁岭市
SMM,三家寨,贵州省,六盘水市
OZL,松江镇,吉林省,延边朝鲜族自治州
GZJ,瓜州,甘肃省,酒泉市
SHJ,疏勒河,甘肃省,酒泉市
OMP,什里店,河北省,邯郸市
SWT,深井子,辽宁省,沈阳市
SIB,绥棱,黑龙江省,绥化市
SPB,石磷,黑龙江省,鸡西市
SOL,石岭,吉林省,四平市
SLC,萨拉齐,内蒙古自治区,包头市
OLY,商洛,陕西省,商洛市
OQH,三门县,浙江省,台州市
SYP,肃宁,河北省,沧州市
SBZ,双牌,湖南省,永州市
SON,遂平,河南省,驻马店市
SID,水泉,辽宁省,朝阳市
SXY,石泉县,陕西省,安康市
SQB,山市,黑龙江省,牡丹江市
SWB,神树,黑龙江省,伊春市
SRL,石人,吉林省,白山市
SSL,松树镇,吉林省,白山市
SRD,三十家,辽宁省,朝阳市
SST,三十里堡,辽宁省,大连市
SDH,三堂集,安徽省,阜阳市
OTB,石头,黑龙江省,牡丹江市
YNB,永安乡,黑龙江省,鸡西市
SWP,上万,北京市,北京市
SKB,孙吴,黑龙江省,黑河市
SXZ,遂溪,广东省,湛江市
SXM,上西铺,贵州省,六盘水市
SYB,绥阳,贵州省,遵义市
SYV,寿阳,山西省,晋中市
SYJ,三阳川,甘肃省,天水市
SOP,顺义,北京市,北京市
OEJ,三营,宁夏回族自治区,固原市
OYD,三义井,内蒙古自治区,赤峰市
SYL,三源浦,吉林省,通化市
SAY,三原,陕西省,咸阳市
OYJ,水源,甘肃省,兰州市
SZD,绥中,辽宁省,葫芦岛市
SND,绥中北,辽宁省,葫芦岛市
OZP,深州,河北省,衡水市
OZY,孙镇,陕西省,渭南市
SNM,师庄,四川省,攀枝花市
SEM,师宗,云南省,曲靖市
TAJ,通安驿,甘肃省,定西市
TBB,通北,黑龙江省,黑河市
TCX,汤池,黑龙江省,齐齐哈尔市
TCL,铁厂,吉林省,通化市
TRQ,通道,湖南省,怀化市
TGC,土贵乌拉,内蒙古自治区,乌兰察布市
THF,唐河,河南省,南阳市
THG,泰和,江西省,吉安市
TIX,团结,黑龙江省,讷河市
TOT,陶家屯,吉林省,四平市
TMD,吐列毛杜,内蒙古自治区,兴安盟
TIZ,亭亮,广西壮族自治区,崇左市
PXT,铁岭西,辽宁省,铁岭市
TML,图们,吉林省,延边朝鲜族自治州
QSL,图们北,吉林省,延边朝鲜族自治州
TMN,天门,湖北省,天门市
TNN,天门南,湖北省,天门市
TLT,铁岭,辽宁省,铁岭市
FES,福鼎,福建省,宁德市
TCJ,土门子,甘肃省,武威市
TLS,太姥山,福建省,宁德市
TVW,潼南,重庆市,重庆市
TEB,太平镇,黑龙江省,双鸭山市
TTK,台前,河南省,濮阳市
TQJ,土桥子,宁夏回族自治区,中卫市
TCT,汤山城,辽宁省,丹东市
THB,汤旺河,黑龙江省,伊春市
TRZ,田阳,广西壮族自治区,百色市
TND,天义,内蒙古自治区,赤峰市
TIL,驼腰岭,吉林省,通化市
TYB,汤原,黑龙江省,佳木斯市
TYP,塔崖驿,河北省,保定市
TZH,台州,浙江省,台州市
TXK,滕州,山东省,枣庄市
TEK,滕州东,山东省,枣庄市
TZV,天镇,山西省,大同市
QWH,天柱山,安徽省,安庆市
WAP,武安,河北省,邯郸市
WUY,吴堡,陕西省,榆林市
WCT,五叉沟,内蒙古自治区,兴安盟
WEQ,文昌,海南省,文昌市
WRB,五大连池,黑龙江省,黑河市
WDL,五道沟,吉林省,通化市
WNZ,文地,广西壮族自治区,玉林市
WFB,万发屯,黑龙江省,哈尔滨市
WUT,王府,吉林省,松原市
WGB,王岗,黑龙江省,哈尔滨市
WGL,湾沟,吉林省,白山市
WGM,吴官田,云南省,曲靖市
WHF,卫辉,河南省,新乡市
WUB,五家,黑龙江省,哈尔滨市
WAM,威箐,贵州省,六盘水市
WQB,倭肯,黑龙江省,七台河市
WKT,五棵树,吉林省,长春市
WVX,瓦拉干,黑龙江省,大兴安岭地区
WLK,五莲,山东省,日照市
WRX,乌奴耳,内蒙古自治区,呼伦贝尔市
WWG,万年,江西省,上饶市
WPT,沃皮,吉林省,长春市
WWP,武清,天津市,天津市
WEV,文水,山西省,吕梁市
WZJ,王团庄,宁夏回族自治区,吴忠市
WVB,卫星,黑龙江省,鸡西市
WVV,武乡,山西省,长治市
WIM,瓦窑田,贵州省,六盘水市
WZV,五寨,山西省,忻州市
WQP,微子镇,山西省,长治市
EAM,新安,云南省,曲靖市
XAF,新安县,河南省,洛阳市
EBP,下板城,河北省,承德市
XCD,兴城,辽宁省,葫芦岛市
XCB,下城子,黑龙江省,牡丹江市
EDW,喜德,四川省,凉山彝族自治州
EJM,小得江,云南省,曲靖市
XMP,西大庙,河北省,承德市
XOD,小东,辽宁省,锦州市
XGV,轩岗,山西省,忻州市
XUJ,西固城,甘肃省,兰州市
XHY,宣汉,四川省,达州市
XIR,新和,新疆维吾尔自治区,阿克苏地区
EFQ,新会,广东省,江门市
XYD,小河沿,内蒙古自治区,赤峰市
EKY,小河镇,陕西省,安康市
XJB,徐家,黑龙江省,哈尔滨市
EJG,峡江,江西省,吉安市
XJV,新绛,山西省,运城市
XJM,新江,四川省,攀枝花市
XJT,许家屯,辽宁省,大连市
EKB,兴凯,黑龙江省,鸡西市
XDD,兴隆店,辽宁省,沈阳市
XPX,新林,黑龙江省,大兴安岭地区
XLJ,新李,甘肃省,平凉市
GCT,西柳,辽宁省,鞍山市
XLD,新立屯,辽宁省,锦州市
XZB,兴隆镇,黑龙江省,哈尔滨市
XMB,西麻山,黑龙江省,鸡西市
XNV,孝南,山西省,孝义市
XPY,兴平,陕西省,咸阳市
XOS,霞浦,福建省,宁德市
XQD,新邱,辽宁省,阜新市
XRL,仙人桥,吉林省,白山市
XSB,杏树,黑龙江省,七台河市
XSV,下社,山西省,忻州市
XSP,徐水,河北省,保定市
ETW,秀山,重庆市,重庆市
XOB,新松浦,黑龙江省,哈尔滨市
XSJ,许三湾,甘肃省,张掖市
XTG,向塘,江西省,南昌市
EIP,下台子,河北省,承德市
XJQ,徐闻,广东省,湛江市
ENN,息县,河南省,信阳市
XXQ,湘乡,湖南省,湘潭市
XOV,孝西,山西省,吕梁市
XZC,西小召,内蒙古自治区,巴彦淖尔市
XDB,向阳,黑龙江省,牡丹江市
XUY,旬阳,陕西省,安康市
XBY,旬阳北,陕西省,安康市
SNZ,兴业,广西壮族自治区,玉林市
XHM,小雨谷,贵州省,六盘水市
XRZ,兴义,贵州省,黔西南布依族苗族自治州
EIF,襄垣,山西省,长治市
EYB,新友谊,黑龙江省,双鸭山市
XCH,徐州,江苏省,徐州市
XRP,悬钟,河北省,邯郸市
XZD,汐子,内蒙古自治区,赤峰市
UUH,徐州东,江苏省,徐州市
ERP,新杖子,河北省,承德市
YAX,依安,黑龙江省,齐齐哈尔市
YMM,元谋,云南省,楚雄彝族自治州
ZOD,周家屯,辽宁省,锦州市
PSE,屏山,四川省,宜宾市
XRD,西哲里木,内蒙古自治区,兴安盟
HKP,黄土店,北京市,北京市
XZT,新肇,黑龙江省,大庆市
EJH,夏邑县,河南省,商丘市
XYX,小扬气,黑龙江省,大兴安岭地区
EEQ,信宜,广东省,茂名市
VIH,新沂,江苏省,徐州市
XXP,小西庄,河北省,保定市
XXM,小新街,云南省,昆明市
XIF,西峡,河南省,南阳市
XQY,西乡,陕西省,汉中市
XSN,新县,河南省,信阳市
EPD,新窝铺,内蒙古自治区,赤峰市
XAN,仙桃西,湖北省,仙桃市
XDT,杏树屯,辽宁省,大连市
XAM,小哨,云南省,昆明市
XST,小市,辽宁省,本溪市
XZN,浠水,湖北省,黄冈市
ESP,小寺沟,河北省,承德市
XQJ,兴泉堡,甘肃省,白银市
XQB,新青,黑龙江省,伊春市
XPM,新坪田,贵州省,黔西南布依族苗族自治州
XPN,西平,河南省,驻马店市
ENQ,兴宁,广东省,梅州市
XAT,下马塘,辽宁省,本溪市
XMD,新民,辽宁省,沈阳市
EXP,兴隆县,河北省,承德市
XYB,西林,黑龙江省,伊春市
XLB,小岭,黑龙江省,哈尔滨市
XNB,香兰,黑龙江省,佳木斯市
EKM,西街口,云南省,昆明市
XHB,新华,黑龙江省,鹤岗市
XAX,新华屯,黑龙江省,大庆市
XWJ,宣和,宁夏回族自治区,中卫市
XXB,襄河,黑龙江省,黑河市
XFW,息烽,贵州省,贵阳市
EFG,信丰,江西省,赣州市
XRX,新绰源,内蒙古自治区,呼伦贝尔市
ECH,宣城,安徽省,宣城市
WKD,魏杖子,辽宁省,朝阳市
WYC,五原,内蒙古自治区,巴彦淖尔市
WWB,五营,黑龙江省,伊春市
WXN,武穴,湖北省,黄冈市
WSV,五台山,山西省,忻州市
WSJ,武山,甘肃省,天水市
WQL,汪清,吉林省,延边朝鲜族自治州
WNQ,万宁,海南省,万宁市
WQC,乌拉特前旗,内蒙古自治区,巴彦淖尔市
VHH,温岭,浙江省,台州市
WEB,万乐,黑龙江省,哈尔滨市
WJP,午汲,河北省,武安市
WCJ,吴家川,甘肃省,白银市
WGY,武功,陕西省,咸阳市
WXT,瓦房店西,辽宁省,大连市
WHP,五道河,河北省,承德市
WDB,温春,黑龙江省,牡丹江市
TEW,桐子林,四川省,攀枝花市
TZJ,天祝,甘肃省,武威市
KTT,通榆,吉林省,白城市
TYF,汤阴,河南省,安阳市
TCH,桐乡,浙江省,嘉兴市
TXJ,同心,宁夏回族自治区,吴忠市
TAB,桃山,黑龙江省,七台河市
TQX,图强,黑龙江省,大兴安岭地区
TIT,太平川,吉林省,松原市
TVT,洮南,吉林省,白城市
TLB,铁力,黑龙江省,伊春市
TFZ,田林,广西壮族自治区,百色市
TEX,图里河,内蒙古自治区,呼伦贝尔市
TZP,统军庄,北京市,北京市
GLJ,古浪,甘肃省,武威市
TNJ,谭家井,甘肃省,武威市
TKH,太湖,安徽省,安庆市
THX,塔哈,黑龙江省,齐齐哈尔市
TGL,天岗,吉林省,吉林市
TZK,郯城,山东省,临沂市
TTH,桐城,安徽省,安庆市
TBF,桐柏,河南省,南阳市
TID,台安,辽宁省,鞍山市
SIN,松滋,湖北省,荆州市
OXH,宿州,安徽省,宿州市
SRH,宿州东,安徽省,宿州市
SPJ,上腰墩,甘肃省,武威市
OYP,水洋,山西省,长治市
FMH,沭阳,江苏省,宿迁市
SXR,沙湾县,新疆维吾尔自治区,伊犁哈萨克自治州
SFM,沙沱,贵州省,六盘水市
SEV,神头,山西省,朔州市
SFT,松树,辽宁省,大连市
SRB,石人城,黑龙江省,哈尔滨市
SQT,石桥子,辽宁省,本溪市
SFJ,沙坡头,宁夏回族自治区,中卫市
SOB,宋,黑龙江省,绥化市
SXF,三门峡西,河南省,三门峡市
SMF,三门峡,河南省,三门峡市
SCF,三门峡南,河南省,三门峡市
VFQ,石门县北,湖南省,常德市
SNT,索伦,内蒙古自治区,兴安盟
ZJD,双辽,吉林省,四平市
VLD,舍力虎,内蒙古自治区,通辽市
SHM,施家嘴,云南省,昆明市
SJJ,邵家堂,甘肃省,兰州市
IMH,松江南,上海市,上海市
SML,双吉,吉林省,吉林市
OJB,沈家,黑龙江省,哈尔滨市
SJB,尚家,黑龙江省,绥化市
SVP,三合庄,北京市,北京市
SEL,双河镇,吉林省,吉林市
OZW,三汇镇,四川省,达州市
OXP,三河县,河北省,廊坊市
SED,沙海,辽宁省,朝阳市
SVK,上高镇,山东省,泰安市
OTW,水富,云南省,昭通市
OFB,双丰,湖南省,娄底市
SEP,十渡,北京市,北京市
SXC,商都,内蒙古自治区,乌兰察布市
ODY,绥德,陕西省,榆林市
SCL,山城镇,吉林省,通化市
SCR,莎车,新疆维吾尔自治区,喀什地区
SBB,双城北,黑龙江省,哈尔滨市
AQW,施秉,贵州省,黔东南苗族侗族自治州
ROF,汝州,河南省,平顶山市
RSD,热水,内蒙古自治区,赤峰市
ROK,乳山,山东省,威海市
RAH,瑞安,浙江省,温州市
QYT,清原,辽宁省,抚顺市
QXC,旗下营,内蒙古自治区,乌兰察布市
QXJ,桥西,甘肃省,嘉峪关市
QWP,前苇塘,河北省,承德市
QTJ,青铜峡,宁夏回族自治区,吴忠市
QSB,青山,黑龙江省,牡丹江市
QIB,青龙,黑龙江省,鸡西市
QNY,清涧县,陕西省,榆林市
QJW,綦江,重庆市,重庆市
QJN,潜江,湖北省,潜江市
QTP,秦皇岛,河北省,秦皇岛市
QFK,曲阜,山东省,济宁市
QAK,曲阜东,山东省,济宁市
QAB,庆安,黑龙江省,绥化市
PJH,邳州,江苏省,徐州市
CFD,赤峰南,内蒙古自治区,赤峰市
CUD,赤峰东,内蒙古自治区,赤峰市
PZD,平庄北,内蒙古自治区,赤峰市
PYJ,彭阳,宁夏回族自治区,固原市
ARH,平阳,浙江省,温州市
PWT,普湾,辽宁省,大连市
PVT,平台,吉林省,白城市
PNT,偏岭,辽宁省,本溪市
PHQ,平湖,浙江省,嘉兴市
PGM,平关,贵州省,六盘水市
PHP,徘徊北,河北省,武安市
PRP,偏店,河北省,邯郸市
PAL,平安,吉林省,吉林市
NZT,南杂木,辽宁省,抚顺市
NUP,南峪,河北省,石家庄市
NWP,南湾子,河北省,承德市
NQO,那曲,西藏自治区,那曲地区
NLF,宁陵县,河南省,商丘市
NIR,尼勒克,新疆维吾尔自治区,伊犁哈萨克自治州
NHH,宁海,浙江省,宁波市
NGP,南观村,北京市,北京市
NCK,南仇,山东省,淄博市
NAT,农安,吉林省,长春市
MEY,米脂,陕西省,榆林市
MMW,米易,四川省,攀枝花市
MUP,密云北,北京市,北京市
MEB,美溪,黑龙江省,伊春市
MOM,茂舍祖,云南省,昆明市
MAB,麻山,黑龙江省,鸡西市
MUT,明水河,内蒙古自治区,兴安盟
MID,马林,内蒙古自治区,赤峰市
MLB,穆棱,黑龙江省,牡丹江市
MOB,磨刀石,黑龙江省,牡丹江市
KPM,茅草坪,贵州省,六盘水市
MCL,明城,吉林省,磐石市
MBY,毛坝,四川省,达州市
LZT,龙爪沟,辽宁省,丹东市
LYP,涞源,河北省,保定市
LVS,罗源,福建省,福州市
LNF,临颍,河南省,漯河市
UIH,连云港,江苏省,连云港市
UKH,连云港东,江苏省,连云港市
LYT,辽阳,辽宁省,辽阳市
LXB,朗乡,黑龙江省,伊春市
LWK,莱芜东,山东省,济南市
LSB,梨树镇,黑龙江省,鸡西市
LSD,柳树屯,辽宁省,葫芦岛市
LUL,露水河,吉林省,白山市
LRN,罗山,河南省,信阳市
USH,丽水,浙江省,丽水市
LUM,乐善村,云南省,昆明市
UQJ,龙泉寺,甘肃省,兰州市
LPG,乐平市,江西省,景德镇市
LPM,罗平,云南省,曲靖市
UNG,龙南,江西省,赣州市
LMB,里木店,黑龙江省,绥化市
UAP,卢龙,河北省,秦皇岛市
LLB,兰棱,黑龙江省,哈尔滨市
LRM,陆良,云南省,曲靖市
LWQ,临澧,湖南省,常德市
LKQ,路口铺,湖南省,岳阳市
ULK,蔺家楼,山东省,济南市
UJL,龙嘉,吉林省,长春市
UJH,庐江,安徽省,合肥市
UJT,两家,吉林省,白城市
LVT,刘家河,辽宁省,丹东市
UNP,滦河沿,河北省,承德市
LHX,拉哈,黑龙江省,齐齐哈尔市
LOM,芦沟,云南省,曲靖市
UFH,临海,浙江省,台州市
UFD,老府,内蒙古自治区,赤峰市
LDP,梁底下,河北省,承德市
UCK,聊城,山东省,聊城市
LBF,灵宝,河南省,三门峡市
LPF,灵宝西,河南省,三门峡市
KHR,克拉玛依,新疆维吾尔自治区,克拉玛依市
KQX,喀喇其,内蒙古自治区,呼伦贝尔市
KLC,开鲁,内蒙古自治区,通辽市
KAW,开江,四川省,达州市
KOB,克东,黑龙江省,齐齐哈尔市
JYD,金杖子,辽宁省,朝阳市
KDX,库都尔,内蒙古自治区,呼伦贝尔市
JEQ,靖州,湖南省,怀化市
JZH,金寨,安徽省,六安市
JXJ,靖远西,甘肃省,白银市
JYZ,江永,湖南省,永州市
EPH,嘉兴南,浙江省,嘉兴市
JXH,嘉兴,浙江省,嘉兴市
JKK,莒县,山东省,日照市
JWX,吉文,内蒙古自治区,呼伦贝尔市
JTB,金山屯,黑龙江省,伊春市
JOP,甲山,河北省,承德市
JVV,稷山,山西省,运城市
EGH,金山北,上海市,上海市
SSX,九三,黑龙江省,黑河市
JWQ,江门东,广东省,江门市
JEY,锦界,陕西省,榆林市
JIR,精河南,新疆维吾尔自治区,博尔塔拉蒙古自治州
JHP,静海,天津市,天津市
JOB,鸡东,黑龙江省,鸡西市
JDB,峻德,黑龙江省,鹤岗市
JNV,交城,山西省,吕梁市
JCJ,金昌,甘肃省,金昌市
VON,黄州,湖北省,黄冈市
VZH,湖州,浙江省,湖州市
HNO,湟源,青海省,西宁市
VIQ,河源,广东省,河源市
HGJ,黄羊滩,宁夏回族自治区,银川市
HUW,华蓥,四川省,广安市
HFO,海晏,青海省,海北藏族自治州
HYY,徽县,甘肃省,陇南市
VTR,和田,新疆维吾尔自治区,和田地区
HOT,黑水,吉林省,白城市
VSB,红山,黑龙江省,伊春市
HDL,黄松甸,吉林省,吉林市
VQH,花桥,江苏省,苏州市
VAQ,和平,广东省,河源市
EUH,海宁西,浙江省,嘉兴市
HNH,海宁,浙江省,嘉兴市
VEH,黄梅,湖北省,黄冈市
VTJ,呼鲁斯太,内蒙古自治区,阿拉善盟
HIB,桦林,黑龙江省,牡丹江市
HHB,浩良河,黑龙江省,伊春市
KOH,黄口,安徽省,宿州市
HJM,花家庄,贵州省,六盘水市
HJF,获嘉,河南省,新乡市
HFM,红江,云南省,楚雄彝族自治州
HJJ,贺家店,甘肃省,天水市
VHD,红花沟,内蒙古自治区,赤峰市
IGW,红光镇,四川省,成都市
HXT,海城西,辽宁省,鞍山市
HCT,海城,辽宁省,鞍山市
HCJ,黑冲滩,甘肃省,武威市
VCQ,华城,广东省,梅州市
XEG,会昌北,江西省,赣州市
GSS,冠豸山,福建省,龙岩市
GEH,固镇,安徽省,蚌埠市
GYL,菇园,吉林省,通化市
KEP,官厅西,河北省,张家口市
GSL,果松,吉林省,通化市
GZD,高桥镇,辽宁省,葫芦岛市
GQD,甘旗卡,内蒙古自治区,通辽市
GEY,甘泉北,陕西省,延安市
GNM,广南卫,云南省,昆明市
GDT,郭家店,吉林省,四平市
GAX,甘河,内蒙古自治区,呼伦贝尔市
GVP,官高,北京市,北京市
GRH,广德,安徽省,宣城市
GCV,高村,山西省,太原市
GDJ,甘草店,甘肃省,兰州市
FZC,丰镇,内蒙古自治区,乌兰察布市
FXY,凤县,陕西省,宝鸡市
FYP,浮图峪,河北省,保定市
FSZ,扶绥,广西壮族自治区,崇左市
FQS,福清,福建省,福州市
FZB,丰乐镇,黑龙江省,双鸭山市
FIB,富锦,黑龙江省,佳木斯市
FHR,福海,新疆维吾尔自治区,阿勒泰地区
RLD,二龙,内蒙古自治区,赤峰市
RDP,二道沟门,河北省,承德市
DAP,大杖子,河北省,承德市
ROP,豆庄,河北省,邯郸市
DTJ,大战场,宁夏回族自治区,中卫市
DFZ,道州,湖南省,永州市
DJP,大营镇,河北省,衡水市
DYV,大营,山西省,忻州市
DFM,大湾子,云南省,楚雄彝族自治州
DNT,大屯,吉林省,长春市
DBM,大田边,云南省,曲靖市
DQK,定陶,山东省,菏泽市
RWW,独山,贵州省,黔南布依族苗族自治州
DML,道清,吉林省,白山市
RPP,大盘石,河北省,保定市
DEP,洞庙河,河北省,承德市
DLV,豆罗,山西省,忻州市
DLB,带岭,黑龙江省,伊春市
RVD,东来,内蒙古自治区,通辽市
DJT,达家沟,吉林省,长春市
DHP,大灰厂,北京市,北京市
DTT,大官屯,辽宁省,抚顺市
DIL,东丰,吉林省,辽源市
UFQ,东方,海南省,东方市
DRX,得耳布尔,内蒙古自治区,呼伦贝尔市
DKJ,大磴沟,宁夏回族自治区,石嘴山市
DVW,德昌,四川省,凉山彝族自治州
RDT,德伯斯,内蒙古自治区,兴安盟
DYJ,定边,陕西省,榆林市
RBT,到保,吉林省,白城市
DBC,大板,内蒙古自治区,赤峰市
CWM,车转湾,云南省,曲靖市
CKQ,潮州,广东省,潮州市
CYF,长垣,河南省,新乡市
CDD,朝阳地,河北省,承德市
CNZ,岑溪,广西壮族自治区,梧州市
CSC,察素齐,内蒙古自治区,呼和浩特市
CST,苍石,辽宁省,抚顺市
CSB,楚山,黑龙江省,牡丹江市
CMB,晨明,黑龙江省,伊春市
CJT,蔡家沟,吉林省,松原市
CLP,昌黎,河北省,秦皇岛市
CLK,昌乐,山东省,潍坊市
CHZ,册亨,贵州省,黔西南布依族苗族自治州
WBW,草海,贵州省,毕节市
CHP,崔黄口,天津市,天津市
CGV,柴沟堡,河北省,张家口市
CAJ,陈官营,甘肃省,兰州市
CEJ,长城,甘肃省,白银市
BVP,北宅,北京市,北京市
BCD,白音胡硕,内蒙古自治区,兴安盟
BID,白音他拉,内蒙古自治区,通辽市
BYC,白音察干,内蒙古自治区,乌兰察布市
BXK,博兴,山东省,滨州市
BYP,北屯,河北省,保定市
BAL,白石山,吉林省,吉林市
BPM,白沙坡,云南省,曲靖市
BAY,巴山,陕西省,汉中市
BQP,白旗,河北省,承德市
BRP,北马圈子,河北省,承德市
BMD,八面城,辽宁省,铁岭市
AAP,百里峡,河北省,保定市
BLB,勃利,黑龙江省,七台河市
BOZ,北流,广西壮族自治区,玉林市
BLX,巴林,内蒙古自治区,牙克石市
BAT,白狼,内蒙古自治区,兴安盟
BKD,保康,内蒙古自治区,通辽市
BBM,白鸡坡,贵州省,六盘水市
BWH,宝华山,江苏省,镇江市
BUT,布海,吉林省,长春市
BNN,巴东,湖北省,恩施土家族苗族自治州
BUP,板城,河北省,保定市
BGV,白壁关,山西省,吕梁市
ASH,安亭北,上海市,上海市
AJD,阿金,辽宁省,阜新市
AJJ,艾家村,宁夏回族自治区,吴忠市
YED,敖汉,内蒙古自治区,赤峰市
AGT,安广,吉林省,白城市
ADX,安达,黑龙江省,绥化市
AAX,昂昂溪,黑龙江省,齐齐哈尔市
ZDV,镇城底,山西省,太原市
YWH,义乌,浙江省,金华市
YEX,伊图里河,内蒙古自治区,呼伦贝尔市
AOP,燕山,北京市,北京市
ALY,榆林,陕西省,榆林市
YKX,牙克石,内蒙古自治区,呼伦贝尔市
HAN,宜昌东,湖北省,宜昌市
XYT,熊岳城,辽宁省,营口市
WYY,万源,四川省,达州市
WUJ,武威,甘肃省,武威市
WWJ,武威南,甘肃省,武威市
WWT,乌兰浩特,内蒙古自治区,兴安盟
WJT,吴家屯,辽宁省,沈阳市
WDT,瓦房店,辽宁省,大连市
TLD,通辽,内蒙古自治区,通辽市
THL,通化,吉林省,通化市
TVX,塔尔气,内蒙古自治区,呼伦贝尔市
SUV,朔州,山西省,朔州市
VYT,松原,吉林省,松原市
SWS,邵武,福建省,南平市
SRG,上饶,江西省,上饶市
NIW,遂宁,四川省,遂宁市
SXT,苏家屯,辽宁省,沈阳市
SHB,绥化,黑龙江省,绥化市
RJG,瑞金,江西省,赣州市
RAZ,融安,广西壮族自治区,柳州市
QTB,七台河,黑龙江省,七台河市
QEB,前进镇,黑龙江省,牡丹江市
QRN,蕲春,湖北省,黄冈市
PXZ,凭祥,广西壮族自治区,崇左市
PSQ,坪石,广东省,韶关市
NZX,碾子山,黑龙江省,齐齐哈尔市
NUH,南通,江苏省,南通市
NDZ,南丹,广西壮族自治区,河池市
NCB,南岔,黑龙江省,伊春市
VAW,麻尾,贵州省,黔南布依族苗族自治州
MSB,密山,黑龙江省,鸡西市
MVX,漠河,黑龙江省,大兴安岭地区
MRX,莫尔道嘎,内蒙古自治区,呼伦贝尔市
LZD,辽中,辽宁省,沈阳市
LZX,立志,黑龙江省,大庆市
LYS,龙岩,福建省,龙岩市
LEQ,澧县,湖南省,常德市
LWH,兰溪,浙江省,金华市
LVV,灵丘,山西省,大同市
LKV,柳林南,山西省,吕梁市
LQL,临江,吉林省,白山市
UHP,隆化,河北省,承德市
LGP,良各庄,北京市,北京市
LKZ,陆川,广西壮族自治区,玉林市
LCN,利川,湖北省,恩施土家族苗族自治州
KTR,奎屯,新疆维吾尔自治区,伊犁哈萨克自治州
KSR,喀什,新疆维吾尔自治区,喀什地区
KLV,岢岚,山西省,忻州市
KLR,库尔勒,新疆维吾尔自治区,巴音郭楞蒙古自治州
JXB,鸡西,黑龙江省,鸡西市
JTL,九台,吉林省,长春市
JUH,江山,浙江省,衢州市
JMN,荆门,湖北省,荆门市
HOY,汉中,陕西省,汉中市
HIK,菏泽,山东省,菏泽市
HBP,怀柔北,北京市,北京市
HMR,哈密,新疆维吾尔自治区,哈密市
HWD,霍林郭勒,内蒙古自治区,通辽市
HJB,黑河,黑龙江省,黑河市
HGB,鹤岗,黑龙江省,鹤岗市
HBV,河边,山西省,忻州市
GNJ,干塘,宁夏回族自治区,中卫市
GXN,固始,河南省,信阳市
GRO,格尔木,青海省,海西蒙古族藏族自治州
FRX,富拉尔基,黑龙江省,齐齐哈尔市
FLV,风陵渡,山西省,运城市
RLC,二连,内蒙古自治区,锡林郭勒盟
DJB,东京城,黑龙江省,牡丹江市
DHJ,敦煌,甘肃省,酒泉市
DHD,大虎山,辽宁省,锦州市
DFB,东方红,黑龙江省,鸡西市
CZZ,崇左,广西壮族自治区,崇左市
IYH,池州,安徽省,池州市
CXT,陈相屯,辽宁省,沈阳市
CXK,曹县,山东省,菏泽市
BXT,本溪,辽宁省,本溪市
BXR,北屯市,新疆维吾尔自治区,北屯市
HJL,白山市,吉林省,白山市
BIZ,百色,广西壮族自治区,百色市
ASR,阿克苏,新疆维吾尔自治区,阿克苏地区
AKY,安康,陕西省,安康市
ART,阿尔山,内蒙古自治区,兴安盟
XNO,西宁,青海省,西宁市
XAY,西安,陕西省,西安市
CAY,西安南,陕西省,西安市
EAY,西安北,陕西省,西安市
LSO,拉萨,西藏自治区,拉萨市
HGH,杭州东,浙江省,杭州市
HZH,杭州,浙江省,杭州市
VUQ,海口,海南省,海口市
HMQ,海口东,海南省,海口市
KEQ,海  口东,海南省,海口市
HHC,呼和浩特,内蒙古自治区,呼和浩特市
NDC,呼和浩特东,内蒙古自治区,呼和浩特市
CSQ,长沙,湖南省,长沙市
CWQ,长沙南,湖南省,长沙市
CCT,长春,吉林省,长春市
CRT,长春西,吉林省,长春市
XJA,香港西九龙,香港特别行政区,香港特别行政区
CFD,赤峰,内蒙古自治区,赤峰市
PZD,平庄,内蒙古自治区,赤峰市
HJT,华家,吉林省,长春市
XGT,新立镇,吉林省,榆树市
XMT,谢家镇,吉林省,榆树市
UDT,刘家店,吉林省,榆树市
TSW,土溪,四川省,达州市
VAP,北京北,北京市,北京市
QIP,清河,北京市,北京市
PSW,彭山,四川省,眉山市
AJH,建湖,江苏省,盐城市
VOW,甘洛,四川省,凉山彝族自治州
DBH,东台,江苏省,盐城市
CPP,昌平,北京市,北京市
ZIW,遵义西,贵州省,遵义市
GTP,官厅,河北省,张家口市
ZYW,资阳,四川省,资阳市
ARM,永仁,云南省,楚雄彝族自治州
WGC,乌审旗,内蒙古自治区,鄂尔多斯市
PNE,攀枝花南,四川省,攀枝花市
